Country ;YEAR;GDP
Afghanistan;2004;5,220,823,684.70
Afghanistan;2005;6,226,199,249.30
Afghanistan;2006;6,971,379,033.30
Afghanistan;2007;9,715,761,649.80
Afghanistan;2008;10,249,767,311.20
Afghanistan;2009;12,154,835,707.90
Afghanistan;2010;15,633,856,787.00
Afghanistan;2011;18,190,410,820.60
Afghanistan;2012;20,203,572,959.50
Afghanistan;2013;20,564,485,419.20
Afghanistan;2014;20,550,582,746.80
Afghanistan;2015;19,998,156,214.40
Albania;2004;7,184,685,781.50
Albania;2005;8,052,073,539.40
Albania;2006;8,896,072,919.00
Albania;2007;10,677,324,144.40
Albania;2008;12,881,353,507.90
Albania;2009;12,044,208,085.90
Albania;2010;11,926,922,829.00
Albania;2011;12,890,764,531.30
Albania;2012;12,319,830,437.30
Albania;2013;12,776,220,507.00
Albania;2014;13,228,147,516.10
Albania;2015;11,386,850,129.80
Algeria;2004;85,332,581,188.60
Algeria;2005;103,198,223,709.40
Algeria;2006;117,027,307,540.90
Algeria;2007;134,977,082,623.80
Algeria;2008;171,000,699,876.70
Algeria;2009;137,211,035,770.00
Algeria;2010;161,207,270,185.30
Algeria;2011;200,013,052,199.20
Algeria;2012;209,058,991,952.10
Algeria;2013;209,755,003,250.70
Algeria;2014;213,810,024,944.50
Algeria;2015;165,979,279,263.20
American Samoa;2004;509,000,000.00
American Samoa;2005;500,000,000.00
American Samoa;2006;493,000,000.00
American Samoa;2007;518,000,000.00
American Samoa;2008;560,000,000.00
American Samoa;2009;675,000,000.00
American Samoa;2010;573,000,000.00
American Samoa;2011;570,000,000.00
American Samoa;2012;640,000,000.00
American Samoa;2013;638,000,000.00
American Samoa;2014;643,000,000.00
American Samoa;2015;673,000,000.00
Andorra;2004;2,894,921,778.00
Andorra;2005;3,159,905,484.40
Andorra;2006;3,456,442,102.60
Andorra;2007;3,952,600,602.20
Andorra;2008;4,085,630,584.40
Andorra;2009;3,674,409,558.20
Andorra;2010;3,449,966,856.70
Andorra;2011;3,629,203,786.20
Andorra;2012;3,188,808,942.60
Andorra;2013;3,193,704,343.20
Andorra;2014;3,271,808,157.30
Andorra;2015;2,789,870,187.50
Angola;2004;23,552,047,248.40
Angola;2005;36,970,918,699.30
Angola;2006;52,381,006,892.00
Angola;2007;65,266,452,081.40
Angola;2008;88,538,610,805.30
Angola;2009;70,307,166,934.30
Angola;2010;81,699,526,880.80
Angola;2011;109,436,566,876.40
Angola;2012;124,998,210,652.20
Angola;2013;133,401,582,620.50
Angola;2014;137,244,439,121.40
Angola;2015;87,219,300,384.50
Antigua and Barbuda;2004;919,729,629.60
Antigua and Barbuda;2005;1,022,962,963.00
Antigua and Barbuda;2006;1,157,662,963.00
Antigua and Barbuda;2007;1,312,759,259.30
Antigua and Barbuda;2008;1,370,070,370.40
Antigua and Barbuda;2009;1,228,329,629.60
Antigua and Barbuda;2010;1,148,700,000.00
Antigua and Barbuda;2011;1,137,637,037.00
Antigua and Barbuda;2012;1,199,948,148.10
Antigua and Barbuda;2013;1,181,448,148.10
Antigua and Barbuda;2014;1,249,733,333.30
Antigua and Barbuda;2015;1,336,692,592.60
Argentina;2004;164,657,930,452.80
Argentina;2005;198,737,095,012.30
Argentina;2006;232,557,260,817.30
Argentina;2007;287,530,508,430.60
Argentina;2008;361,558,037,110.40
Argentina;2009;332,976,484,577.60
Argentina;2010;423,627,422,092.50
Argentina;2011;530,163,281,574.70
Argentina;2012;545,982,375,701.10
Argentina;2013;552,025,140,252.20
Argentina;2014;526,319,673,731.60
Argentina;2015;594,749,285,413.20
Armenia;2004;3,576,615,240.40
Armenia;2005;4,900,469,950.10
Armenia;2006;6,384,451,606.10
Armenia;2007;9,206,301,700.40
Armenia;2008;11,662,040,713.90
Armenia;2009;8,647,936,748.00
Armenia;2010;9,260,284,937.80
Armenia;2011;10,142,111,334.50
Armenia;2012;10,619,320,048.60
Armenia;2013;11,121,465,767.40
Armenia;2014;11,609,512,939.80
Armenia;2015;10,553,337,673.00
Aruba;2004;2,254,748,603.40
Aruba;2005;2,359,776,536.30
Aruba;2006;2,469,832,402.20
Aruba;2007;2,677,653,631.30
Aruba;2008;2,843,016,759.80
Aruba;2009;2,553,631,284.90
Aruba;2010;2,453,631,284.90
Aruba;2011;2,637,988,826.80
Aruba;2012;2,615,083,798.90
Aruba;2013;2,727,932,960.90
Aruba;2014;2,791,061,452.50
Aruba;2015;2,963,128,491.60
Australia;2004;614,326,362,213.70
Australia;2005;695,328,522,026.80
Australia;2006;747,906,558,850.00
Australia;2007;854,427,259,166.20
Australia;2008;1,055,642,793,196.10
Australia;2009;928,626,859,078.20
Australia;2010;1,148,610,059,015.20
Australia;2011;1,398,405,797,101.50
Australia;2012;1,546,892,142,709.80
Australia;2013;1,576,380,424,746.10
Australia;2014;1,467,545,212,521.80
Australia;2015;1,350,615,691,821.30
Austria;2004;301,457,562,038.50
Austria;2005;316,092,273,276.00
Austria;2006;336,280,064,332.40
Austria;2007;389,185,571,506.10
Austria;2008;432,051,935,642.90
Austria;2009;401,758,735,822.20
Austria;2010;392,275,107,258.70
Austria;2011;431,685,217,367.50
Austria;2012;409,401,816,050.50
Austria;2013;430,190,979,706.00
Austria;2014;442,584,815,286.00
Austria;2015;381,971,148,530.50
Azerbaijan;2004;8,680,370,408.10
Azerbaijan;2005;13,245,716,099.00
Azerbaijan;2006;20,982,986,344.30
Azerbaijan;2007;33,050,343,782.80
Azerbaijan;2008;48,852,482,960.10
Azerbaijan;2009;44,291,490,420.50
Azerbaijan;2010;52,909,294,791.90
Azerbaijan;2011;65,951,627,200.20
Azerbaijan;2012;69,683,935,845.20
Azerbaijan;2013;74,164,435,946.50
Azerbaijan;2014;75,244,294,275.10
Azerbaijan;2015;53,074,370,486.00
Bahamas, The;2004;9,055,290,000.00
Bahamas, The;2005;9,836,200,000.00
Bahamas, The;2006;10,167,250,000.00
Bahamas, The;2007;10,618,340,000.00
Bahamas, The;2008;10,526,000,000.00
Bahamas, The;2009;9,981,960,000.00
Bahamas, The;2010;10,095,760,000.00
Bahamas, The;2011;10,070,450,000.00
Bahamas, The;2012;10,720,500,000.00
Bahamas, The;2013;10,562,800,000.00
Bahamas, The;2014;11,176,100,000.00
Bahamas, The;2015;11,861,900,000.00
Bahrain;2004;13,150,159,574.50
Bahrain;2005;15,968,723,404.30
Bahrain;2006;18,504,760,638.30
Bahrain;2007;21,730,000,000.00
Bahrain;2008;25,710,904,255.30
Bahrain;2009;22,938,218,085.10
Bahrain;2010;25,713,271,276.60
Bahrain;2011;28,776,595,744.70
Bahrain;2012;30,749,308,510.60
Bahrain;2013;32,539,468,085.10
Bahrain;2014;33,387,712,766.00
Bahrain;2015;31,050,638,297.90
Bangladesh;2004;65,108,544,250.00
Bangladesh;2005;69,442,943,089.40
Bangladesh;2006;71,819,083,683.70
Bangladesh;2007;79,611,888,213.10
Bangladesh;2008;91,631,278,239.30
Bangladesh;2009;102,477,791,472.40
Bangladesh;2010;115,279,077,465.20
Bangladesh;2011;128,637,938,711.40
Bangladesh;2012;133,355,749,482.50
Bangladesh;2013;149,990,451,022.30
Bangladesh;2014;172,885,454,931.50
Bangladesh;2015;195,078,678,697.20
Barbados;2004;3,444,500,000.00
Barbados;2005;3,819,500,000.00
Barbados;2006;4,217,450,800.00
Barbados;2007;4,674,007,450.00
Barbados;2008;4,784,925,100.00
Barbados;2009;4,465,657,300.00
Barbados;2010;4,529,928,300.00
Barbados;2011;4,657,699,450.00
Barbados;2012;4,610,096,000.00
Barbados;2013;4,677,248,300.00
Barbados;2014;4,696,344,350.00
Barbados;2015;4,724,691,200.00
Belarus;2004;23,144,351,851.90
Belarus;2005;30,207,567,316.60
Belarus;2006;36,954,312,354.30
Belarus;2007;45,277,399,813.60
Belarus;2008;60,763,483,146.10
Belarus;2009;50,874,078,052.30
Belarus;2010;57,222,490,768.70
Belarus;2011;61,757,788,944.70
Belarus;2012;65,685,102,554.90
Belarus;2013;75,527,984,234.20
Belarus;2014;78,813,839,984.40
Belarus;2015;56,454,734,396.60
Belgium;2004;369,214,712,443.20
Belgium;2005;385,714,762,230.00
Belgium;2006;408,259,840,868.80
Belgium;2007;470,922,156,309.50
Belgium;2008;517,328,087,920.10
Belgium;2009;483,254,171,097.80
Belgium;2010;481,420,882,905.00
Belgium;2011;523,330,354,138.10
Belgium;2012;496,152,879,924.70
Belgium;2013;521,791,015,247.10
Belgium;2014;535,390,200,131.00
Belgium;2015;462,335,574,841.50
Belize;2004;1,389,500,000.00
Belize;2005;1,461,500,000.00
Belize;2006;1,581,000,000.00
Belize;2007;1,696,000,000.00
Belize;2008;1,729,000,000.00
Belize;2009;1,680,500,000.00
Belize;2010;1,738,500,000.00
Belize;2011;1,819,500,000.00
Belize;2012;1,903,000,000.00
Belize;2013;2,029,500,000.00
Belize;2014;2,138,000,000.00
Belize;2015;2,210,500,000.00
Benin;2004;6,190,270,756.10
Benin;2005;6,567,654,493.50
Benin;2006;7,034,111,651.50
Benin;2007;8,169,048,690.10
Benin;2008;9,787,735,426.00
Benin;2009;9,738,626,993.30
Benin;2010;9,535,345,011.50
Benin;2011;10,693,321,370.00
Benin;2012;11,141,358,106.00
Benin;2013;12,517,845,127.70
Benin;2014;13,284,527,850.30
Benin;2015;11,388,160,997.10
Bermuda;2004;4,484,703,000.00
Bermuda;2005;4,868,136,000.00
Bermuda;2006;6,144,000,000.00
Bermuda;2007;6,767,000,000.00
Bermuda;2008;6,980,000,000.00
Bermuda;2009;6,656,000,000.00
Bermuda;2010;6,634,526,000.00
Bermuda;2011;6,312,691,000.00
Bermuda;2012;6,378,188,000.00
Bermuda;2013;6,465,756,000.00
Bermuda;2014;6,413,988,000.00
Bermuda;2015;6,654,541,000.00
Bhutan;2004;682,523,857.00
Bhutan;2005;796,938,120.20
Bhutan;2006;874,989,895.60
Bhutan;2007;1,168,308,516.60
Bhutan;2008;1,227,808,790.70
Bhutan;2009;1,234,014,291.80
Bhutan;2010;1,547,991,317.80
Bhutan;2011;1,777,101,316.70
Bhutan;2012;1,781,281,281.60
Bhutan;2013;1,756,215,665.10
Bhutan;2014;1,907,090,813.50
Bhutan;2015;2,003,598,213.00
Bolivia;2004;8,773,451,751.50
Bolivia;2005;9,549,077,918.70
Bolivia;2006;11,451,869,202.20
Bolivia;2007;13,120,183,207.70
Bolivia;2008;16,674,324,661.90
Bolivia;2009;17,339,992,193.70
Bolivia;2010;19,649,631,308.20
Bolivia;2011;23,963,033,429.40
Bolivia;2012;27,084,497,481.90
Bolivia;2013;30,659,338,885.70
Bolivia;2014;32,996,188,017.40
Bolivia;2015;33,000,198,248.30
Bosnia and Herzegovina;2004;10,157,553,968.30
Bosnia and Herzegovina;2005;11,222,953,328.70
Bosnia and Herzegovina;2006;12,864,610,865.20
Bosnia and Herzegovina;2007;15,778,767,389.80
Bosnia and Herzegovina;2008;19,112,739,364.90
Bosnia and Herzegovina;2009;17,613,836,494.10
Bosnia and Herzegovina;2010;17,176,781,065.90
Bosnia and Herzegovina;2011;18,644,723,861.00
Bosnia and Herzegovina;2012;17,226,849,165.70
Bosnia and Herzegovina;2013;18,178,503,835.40
Bosnia and Herzegovina;2014;18,558,343,304.80
Bosnia and Herzegovina;2015;16,211,541,593.40
Botswana;2004;8,957,467,706.50
Botswana;2005;9,918,907,108.10
Botswana;2006;9,919,158,482.40
Botswana;2007;10,567,270,655.50
Botswana;2008;10,730,763,098.90
Botswana;2009;10,118,518,637.10
Botswana;2010;12,637,319,933.50
Botswana;2011;15,110,716,533.60
Botswana;2012;13,907,510,005.90
Botswana;2013;14,271,752,527.10
Botswana;2014;15,470,059,201.70
Botswana;2015;13,530,738,157.80
Brazil;2004;669,293,772,178.70
Brazil;2005;891,630,177,210.00
Brazil;2006;1,107,640,289,661.20
Brazil;2007;1,397,084,349,956.40
Brazil;2008;1,695,824,565,928.70
Brazil;2009;1,667,019,783,635.10
Brazil;2010;2,208,871,646,202.80
Brazil;2011;2,616,201,578,192.30
Brazil;2012;2,465,188,674,415.00
Brazil;2013;2,472,806,919,901.70
Brazil;2014;2,455,993,625,159.40
Brazil;2015;1,802,214,373,741.30
British Virgin Islands;2004;..
British Virgin Islands;2005;..
British Virgin Islands;2006;..
British Virgin Islands;2007;..
British Virgin Islands;2008;..
British Virgin Islands;2009;..
British Virgin Islands;2010;..
British Virgin Islands;2011;..
British Virgin Islands;2012;..
British Virgin Islands;2013;..
British Virgin Islands;2014;..
British Virgin Islands;2015;..
Brunei Darussalam;2004;7,872,333,215.00
Brunei Darussalam;2005;9,531,402,847.90
Brunei Darussalam;2006;11,470,703,002.10
Brunei Darussalam;2007;12,247,694,247.20
Brunei Darussalam;2008;14,393,099,068.60
Brunei Darussalam;2009;10,732,366,286.30
Brunei Darussalam;2010;13,707,370,737.10
Brunei Darussalam;2011;18,525,319,977.70
Brunei Darussalam;2012;19,047,940,300.90
Brunei Darussalam;2013;18,093,829,923.30
Brunei Darussalam;2014;17,098,342,541.40
Brunei Darussalam;2015;12,930,394,937.80
Bulgaria;2004;26,157,892,832.20
Bulgaria;2005;29,869,284,035.30
Bulgaria;2006;34,379,808,888.60
Bulgaria;2007;44,432,811,756.50
Bulgaria;2008;54,481,376,860.40
Bulgaria;2009;52,023,505,367.20
Bulgaria;2010;50,682,061,053.20
Bulgaria;2011;57,678,241,023.80
Bulgaria;2012;54,300,857,424.40
Bulgaria;2013;55,810,138,436.50
Bulgaria;2014;57,082,011,260.30
Bulgaria;2015;50,781,996,712.80
Burkina Faso;2004;5,451,688,868.40
Burkina Faso;2005;6,146,352,742.00
Burkina Faso;2006;6,547,420,133.70
Burkina Faso;2007;7,625,723,123.50
Burkina Faso;2008;9,451,436,359.00
Burkina Faso;2009;9,450,697,335.50
Burkina Faso;2010;10,109,618,964.30
Burkina Faso;2011;12,080,296,644.10
Burkina Faso;2012;12,561,016,091.50
Burkina Faso;2013;13,444,301,139.10
Burkina Faso;2014;13,943,016,923.90
Burkina Faso;2015;11,832,159,275.60
Burundi;2004;915,257,323.40
Burundi;2005;1,117,113,045.70
Burundi;2006;1,273,375,020.30
Burundi;2007;1,356,199,364.90
Burundi;2008;1,611,835,901.90
Burundi;2009;1,781,455,092.10
Burundi;2010;2,032,135,246.50
Burundi;2011;2,235,820,867.80
Burundi;2012;2,333,341,374.90
Burundi;2013;2,451,606,684.30
Burundi;2014;2,705,783,272.10
Burundi;2015;3,104,003,611.40
Cabo Verde;2004;924,940,272.40
Cabo Verde;2005;972,241,336.90
Cabo Verde;2006;1,107,571,017.00
Cabo Verde;2007;1,513,040,064.50
Cabo Verde;2008;1,787,968,044.50
Cabo Verde;2009;1,697,737,296.20
Cabo Verde;2010;1,663,913,071.40
Cabo Verde;2011;1,865,915,544.10
Cabo Verde;2012;1,741,809,809.00
Cabo Verde;2013;1,850,470,042.40
Cabo Verde;2014;1,859,898,513.30
Cabo Verde;2015;1,596,800,287.20
Cambodia;2004;5,337,833,248.00
Cambodia;2005;6,293,046,161.80
Cambodia;2006;7,274,595,706.70
Cambodia;2007;8,639,235,842.20
Cambodia;2008;10,351,914,093.20
Cambodia;2009;10,401,851,850.60
Cambodia;2010;11,242,275,199.00
Cambodia;2011;12,829,541,141.00
Cambodia;2012;14,054,443,213.50
Cambodia;2013;15,227,991,395.20
Cambodia;2014;16,702,610,842.40
Cambodia;2015;18,049,954,289.40
Cameroon;2004;18,826,215,278.10
Cameroon;2005;19,509,850,837.30
Cameroon;2006;20,910,513,974.60
Cameroon;2007;23,928,251,333.70
Cameroon;2008;27,715,144,580.30
Cameroon;2009;27,932,971,683.40
Cameroon;2010;27,507,499,709.10
Cameroon;2011;30,630,912,184.80
Cameroon;2012;30,155,064,574.10
Cameroon;2013;33,728,622,819.10
Cameroon;2014;36,386,546,917.70
Cameroon;2015;32,210,232,911.70
Canada;2004;1,026,690,238,278.30
Canada;2005;1,173,108,598,778.70
Canada;2006;1,319,264,809,591.00
Canada;2007;1,468,820,407,783.30
Canada;2008;1,552,989,690,721.70
Canada;2009;1,374,625,142,157.30
Canada;2010;1,617,343,367,486.30
Canada;2011;1,793,326,630,174.50
Canada;2012;1,828,366,481,521.60
Canada;2013;1,846,597,421,835.00
Canada;2014;1,805,749,878,439.90
Canada;2015;1,556,508,816,217.10
Cayman Islands;2004;..
Cayman Islands;2005;..
Cayman Islands;2006;4,200,439,457.60
Cayman Islands;2007;4,466,438,857.60
Cayman Islands;2008;4,586,114,124.60
Cayman Islands;2009;4,281,868,714.70
Cayman Islands;2010;4,156,990,759.60
Cayman Islands;2011;4,186,223,809.00
Cayman Islands;2012;4,291,159,006.40
Cayman Islands;2013;4,405,954,638.20
Cayman Islands;2014;4,563,017,880.70
Cayman Islands;2015;4,708,336,733.50
Central African Republic;2004;1,272,360,594.50
Central African Republic;2005;1,337,894,284.90
Central African Republic;2006;1,461,859,832.30
Central African Republic;2007;1,699,811,358.90
Central African Republic;2008;1,993,408,071.70
Central African Republic;2009;2,067,381,766.40
Central African Republic;2010;2,142,591,375.90
Central African Republic;2011;2,437,982,839.60
Central African Republic;2012;2,510,126,699.10
Central African Republic;2013;1,691,544,192.40
Central African Republic;2014;1,894,813,504.50
Central African Republic;2015;1,695,825,708.50
Chad;2004;4,422,855,929.20
Chad;2005;6,649,307,057.00
Chad;2006;7,428,701,809.40
Chad;2007;8,650,138,068.60
Chad;2008;10,393,834,720.90
Chad;2009;9,290,728,773.40
Chad;2010;10,668,102,734.80
Chad;2011;12,172,309,522.60
Chad;2012;12,367,363,677.60
Chad;2013;12,953,535,495.90
Chad;2014;13,940,768,065.60
Chad;2015;10,950,392,219.90
Channel Islands;2004;8,553,956,571.10
Channel Islands;2005;8,827,299,477.20
Channel Islands;2006;9,676,410,337.60
Channel Islands;2007;11,515,258,634.00
Channel Islands;2008;..
Channel Islands;2009;..
Channel Islands;2010;..
Channel Islands;2011;..
Channel Islands;2012;..
Channel Islands;2013;..
Channel Islands;2014;..
Channel Islands;2015;..
Chile;2004;99,079,230,169.60
Chile;2005;122,314,960,843.90
Chile;2006;153,840,051,814.10
Chile;2007;172,565,850,839.20
Chile;2008;179,663,403,197.00
Chile;2009;171,412,642,047.30
Chile;2010;217,105,420,016.50
Chile;2011;251,224,856,981.30
Chile;2012;267,175,872,540.10
Chile;2013;277,239,461,340.40
Chile;2014;259,405,202,008.00
Chile;2015;242,496,649,874.20
China;2004;1,955,347,004,963.30
China;2005;2,285,965,892,360.50
China;2006;2,752,131,773,355.20
China;2007;3,550,342,737,010.80
China;2008;4,594,307,032,660.80
China;2009;5,101,703,073,086.00
China;2010;6,087,163,874,512.20
China;2011;7,551,500,124,203.40
China;2012;8,532,229,986,993.70
China;2013;9,570,406,235,659.60
China;2014;10,475,682,920,594.50
China;2015;11,061,553,079,876.40
Colombia;2004;117,081,522,349.70
Colombia;2005;145,619,193,046.10
Colombia;2006;161,618,580,752.90
Colombia;2007;206,181,823,187.70
Colombia;2008;242,186,949,772.50
Colombia;2009;232,397,835,356.40
Colombia;2010;286,563,099,757.50
Colombia;2011;334,943,877,377.50
Colombia;2012;370,921,317,942.60
Colombia;2013;382,116,120,909.20
Colombia;2014;381,112,110,485.40
Colombia;2015;293,481,753,078.90
Comoros;2004;633,706,149.30
Comoros;2005;653,845,122.90
Comoros;2006;698,431,827.70
Comoros;2007;795,673,128.50
Comoros;2008;915,659,192.80
Comoros;2009;905,341,090.60
Comoros;2010;907,978,723.50
Comoros;2011;1,023,086,183.80
Comoros;2012;1,015,843,368.80
Comoros;2013;1,116,224,161.10
Comoros;2014;1,149,587,651.70
Comoros;2015;966,029,542.00
Congo, Dem. Rep.;2004;10,297,483,481.20
Congo, Dem. Rep.;2005;11,964,484,667.90
Congo, Dem. Rep.;2006;14,451,902,467.90
Congo, Dem. Rep.;2007;16,737,071,816.40
Congo, Dem. Rep.;2008;19,788,515,873.90
Congo, Dem. Rep.;2009;18,648,373,312.40
Congo, Dem. Rep.;2010;21,565,720,044.50
Congo, Dem. Rep.;2011;25,839,749,198.80
Congo, Dem. Rep.;2012;29,306,235,826.40
Congo, Dem. Rep.;2013;32,679,745,297.60
Congo, Dem. Rep.;2014;35,909,040,265.90
Congo, Dem. Rep.;2015;37,917,704,900.10
Congo, Rep.;2004;4,656,975,222.70
Congo, Rep.;2005;6,650,001,213.80
Congo, Rep.;2006;8,072,305,415.40
Congo, Rep.;2007;8,782,703,767.00
Congo, Rep.;2008;11,649,858,744.40
Congo, Rep.;2009;9,723,300,390.80
Congo, Rep.;2010;13,148,395,201.80
Congo, Rep.;2011;15,655,384,440.40
Congo, Rep.;2012;17,692,912,613.20
Congo, Rep.;2013;17,958,721,571.80
Congo, Rep.;2014;17,912,908,765.90
Congo, Rep.;2015;11,890,259,136.10
Costa Rica;2004;18,610,594,846.20
Costa Rica;2005;20,040,642,477.00
Costa Rica;2006;22,715,540,324.30
Costa Rica;2007;26,884,700,345.00
Costa Rica;2008;30,801,744,881.00
Costa Rica;2009;30,745,712,006.50
Costa Rica;2010;37,658,614,803.30
Costa Rica;2011;42,762,617,081.70
Costa Rica;2012;47,231,651,862.80
Costa Rica;2013;50,949,672,205.90
Costa Rica;2014;52,016,408,950.90
Costa Rica;2015;56,441,917,653.00
Cote d'Ivoire;2004;23,510,577,108.20
Cote d'Ivoire;2005;24,036,917,016.60
Cote d'Ivoire;2006;25,281,414,473.00
Cote d'Ivoire;2007;28,760,092,034.50
Cote d'Ivoire;2008;34,078,243,426.00
Cote d'Ivoire;2009;33,886,814,907.00
Cote d'Ivoire;2010;34,936,305,297.00
Cote d'Ivoire;2011;36,693,712,824.80
Cote d'Ivoire;2012;36,302,305,578.20
Cote d'Ivoire;2013;42,760,237,561.40
Cote d'Ivoire;2014;48,843,008,580.30
Cote d'Ivoire;2015;45,814,637,971.50
Croatia;2004;42,013,459,301.80
Croatia;2005;45,835,098,187.70
Croatia;2006;50,915,016,294.10
Croatia;2007;60,641,942,979.20
Croatia;2008;70,943,300,079.50
Croatia;2009;63,324,394,633.90
Croatia;2010;60,672,093,864.80
Croatia;2011;63,408,294,943.50
Croatia;2012;57,369,359,295.30
Croatia;2013;59,032,066,091.70
Croatia;2014;58,423,981,441.20
Croatia;2015;50,242,783,066.10
Cuba;2004;38,203,000,000.00
Cuba;2005;42,643,836,100.00
Cuba;2006;48,835,925,925.90
Cuba;2007;54,262,870,370.40
Cuba;2008;56,302,129,629.60
Cuba;2009;57,481,481,481.50
Cuba;2010;59,562,962,963.00
Cuba;2011;68,990,000,000.00
Cuba;2012;73,141,000,000.00
Cuba;2013;77,148,000,000.00
Cuba;2014;80,656,000,000.00
Cuba;2015;87,133,000,000.00
Curacao;2004;..
Curacao;2005;..
Curacao;2006;..
Curacao;2007;..
Curacao;2008;..
Curacao;2009;..
Curacao;2010;..
Curacao;2011;2,933,128,491.60
Curacao;2012;3,024,525,139.70
Curacao;2013;3,039,944,134.10
Curacao;2014;3,048,435,754.20
Curacao;2015;3,042,737,430.20
Cyprus;2004;17,320,552,500.00
Cyprus;2005;18,433,411,267.30
Cyprus;2006;20,072,786,350.50
Cyprus;2007;23,968,764,029.60
Cyprus;2008;27,844,698,989.30
Cyprus;2009;25,945,391,775.50
Cyprus;2010;25,800,247,912.00
Cyprus;2011;27,642,086,581.30
Cyprus;2012;25,048,659,899.80
Cyprus;2013;23,961,144,906.40
Cyprus;2014;23,226,782,250.60
Cyprus;2015;19,909,190,058.80
Czechia;2004;119,814,434,353.60
Czechia;2005;137,143,471,328.30
Czechia;2006;156,264,095,664.60
Czechia;2007;190,183,800,884.00
Czechia;2008;236,816,485,763.00
Czechia;2009;207,434,296,805.30
Czechia;2010;209,069,940,963.20
Czechia;2011;229,562,733,398.90
Czechia;2012;208,857,719,320.60
Czechia;2013;211,685,616,592.90
Czechia;2014;209,358,834,156.30
Czechia;2015;188,033,050,459.90
Denmark;2004;251,373,002,954.40
Denmark;2005;264,467,336,457.20
Denmark;2006;282,884,947,703.00
Denmark;2007;319,423,424,509.10
Denmark;2008;353,361,038,818.40
Denmark;2009;321,241,303,699.00
Denmark;2010;321,995,279,401.50
Denmark;2011;344,003,137,611.30
Denmark;2012;327,148,943,812.10
Denmark;2013;343,584,391,647.90
Denmark;2014;352,993,631,617.70
Denmark;2015;302,673,070,846.90
Djibouti;2004;666,072,101.80
Djibouti;2005;708,633,194.70
Djibouti;2006;768,873,684.00
Djibouti;2007;847,918,929.10
Djibouti;2008;999,105,339.30
Djibouti;2009;1,049,110,684.70
Djibouti;2010;1,128,611,700.40
Djibouti;2011;1,239,144,501.80
Djibouti;2012;1,353,632,941.50
Djibouti;2013;2,042,817,162.90
Djibouti;2014;2,214,679,081.30
Djibouti;2015;2,424,391,785.40
Dominica;2004;367,200,000.00
Dominica;2005;364,255,555.60
Dominica;2006;390,251,851.90
Dominica;2007;421,374,074.10
Dominica;2008;458,188,888.90
Dominica;2009;489,074,074.10
Dominica;2010;493,825,925.90
Dominica;2011;501,025,925.90
Dominica;2012;485,996,296.30
Dominica;2013;498,296,296.30
Dominica;2014;520,207,407.40
Dominica;2015;540,737,037.00
Dominican Republic;2004;22,322,395,368.00
Dominican Republic;2005;35,777,570,135.50
Dominican Republic;2006;37,879,869,897.90
Dominican Republic;2007;43,965,420,072.40
Dominican Republic;2008;48,122,547,177.20
Dominican Republic;2009;48,261,033,298.20
Dominican Republic;2010;53,860,175,556.00
Dominican Republic;2011;58,029,750,745.60
Dominican Republic;2012;60,681,537,195.80
Dominican Republic;2013;62,682,163,837.30
Dominican Republic;2014;67,179,914,027.00
Dominican Republic;2015;71,164,825,256.70
Ecuador;2004;36,591,661,000.00
Ecuador;2005;41,507,085,000.00
Ecuador;2006;46,802,044,000.00
Ecuador;2007;51,007,777,000.00
Ecuador;2008;61,762,635,000.00
Ecuador;2009;62,519,686,000.00
Ecuador;2010;69,555,367,000.00
Ecuador;2011;79,276,664,000.00
Ecuador;2012;87,924,544,000.00
Ecuador;2013;95,129,659,000.00
Ecuador;2014;101,726,331,000.00
Ecuador;2015;99,290,381,000.00
Egypt, Arab Rep.;2004;78,782,467,532.50
Egypt, Arab Rep.;2005;89,600,665,557.40
Egypt, Arab Rep.;2006;107,426,086,956.50
Egypt, Arab Rep.;2007;130,437,828,371.30
Egypt, Arab Rep.;2008;162,818,181,818.20
Egypt, Arab Rep.;2009;189,147,005,444.60
Egypt, Arab Rep.;2010;218,983,666,061.70
Egypt, Arab Rep.;2011;235,989,672,977.60
Egypt, Arab Rep.;2012;279,116,666,666.70
Egypt, Arab Rep.;2013;288,434,108,527.10
Egypt, Arab Rep.;2014;305,595,408,895.30
Egypt, Arab Rep.;2015;329,366,576,819.40
El Salvador;2004;13,724,810,900.00
El Salvador;2005;14,698,000,000.00
El Salvador;2006;15,999,890,000.00
El Salvador;2007;17,011,750,000.00
El Salvador;2008;17,986,890,000.00
El Salvador;2009;17,601,620,000.00
El Salvador;2010;18,447,920,000.00
El Salvador;2011;20,283,780,000.00
El Salvador;2012;21,386,150,000.00
El Salvador;2013;21,990,960,000.00
El Salvador;2014;22,593,470,000.00
El Salvador;2015;23,438,240,000.00
Equatorial Guinea;2004;4,410,764,338.70
Equatorial Guinea;2005;8,217,369,092.70
Equatorial Guinea;2006;10,086,528,698.90
Equatorial Guinea;2007;13,071,718,758.70
Equatorial Guinea;2008;19,749,893,536.30
Equatorial Guinea;2009;15,027,795,173.20
Equatorial Guinea;2010;16,314,442,183.30
Equatorial Guinea;2011;21,357,344,847.50
Equatorial Guinea;2012;22,388,345,810.20
Equatorial Guinea;2013;21,948,835,350.30
Equatorial Guinea;2014;21,765,454,404.40
Equatorial Guinea;2015;13,185,496,836.40
Eritrea;2004;1,109,054,005.40
Eritrea;2005;1,098,425,900.70
Eritrea;2006;1,211,161,879.70
Eritrea;2007;1,317,974,491.10
Eritrea;2008;1,380,188,800.00
Eritrea;2009;1,856,695,551.20
Eritrea;2010;1,589,515,447.20
Eritrea;2011;2,065,001,626.00
Eritrea;2012;..
Eritrea;2013;..
Eritrea;2014;..
Eritrea;2015;..
Estonia;2004;12,145,911,801.20
Estonia;2005;14,106,790,200.20
Estonia;2006;17,022,870,405.20
Estonia;2007;22,449,129,482.60
Estonia;2008;24,341,678,629.00
Estonia;2009;19,633,031,397.60
Estonia;2010;19,523,477,325.60
Estonia;2011;23,213,994,093.50
Estonia;2012;23,019,150,071.20
Estonia;2013;25,115,753,366.10
Estonia;2014;26,634,083,965.10
Estonia;2015;22,890,762,090.20
Ethiopia;2004;10,131,187,261.40
Ethiopia;2005;12,401,139,454.00
Ethiopia;2006;15,280,861,834.60
Ethiopia;2007;19,707,616,772.80
Ethiopia;2008;27,066,912,635.20
Ethiopia;2009;32,437,389,116.00
Ethiopia;2010;29,933,790,334.30
Ethiopia;2011;31,952,763,089.30
Ethiopia;2012;43,310,721,414.10
Ethiopia;2013;47,648,211,133.20
Ethiopia;2014;55,612,228,233.50
Ethiopia;2015;64,589,334,978.80
Faroe Islands;2004;1,724,758,391.60
Faroe Islands;2005;1,759,742,533.60
Faroe Islands;2006;2,017,673,370.60
Faroe Islands;2007;2,339,015,743.00
Faroe Islands;2008;2,489,888,389.80
Faroe Islands;2009;2,296,051,036.20
Faroe Islands;2010;2,331,786,419.20
Faroe Islands;2011;2,505,746,270.00
Faroe Islands;2012;2,427,190,332.30
Faroe Islands;2013;2,690,116,268.70
Faroe Islands;2014;2,913,995,545.70
Faroe Islands;2015;2,573,908,649.10
Fiji;2004;2,708,078,476.60
Fiji;2005;2,980,484,920.20
Fiji;2006;3,076,305,452.90
Fiji;2007;3,378,314,599.80
Fiji;2008;3,523,185,919.60
Fiji;2009;2,870,624,635.70
Fiji;2010;3,140,181,443.80
Fiji;2011;3,779,378,133.90
Fiji;2012;3,972,012,570.50
Fiji;2013;4,189,915,666.60
Fiji;2014;4,857,220,601.80
Fiji;2015;4,682,546,881.20
Finland;2004;197,479,443,979.20
Finland;2005;204,885,494,686.40
Finland;2006;217,089,269,791.80
Finland;2007;256,378,067,752.20
Finland;2008;285,716,311,136.70
Finland;2009;253,497,520,828.50
Finland;2010;249,424,310,816.70
Finland;2011;275,604,356,167.30
Finland;2012;258,290,060,227.70
Finland;2013;271,362,405,890.60
Finland;2014;274,862,826,772.20
Finland;2015;234,534,382,384.80
France;2004;2,119,633,181,634.40
France;2005;2,196,945,232,435.80
France;2006;2,320,536,221,304.70
France;2007;2,660,591,246,211.80
France;2008;2,930,303,780,828.10
France;2009;2,700,887,366,932.00
France;2010;2,645,187,882,116.70
France;2011;2,865,157,541,994.20
France;2012;2,683,671,716,967.20
France;2013;2,811,876,903,329.00
France;2014;2,855,964,488,590.20
France;2015;2,439,188,643,162.50
French Polynesia;2004;5,564,112,127.50
French Polynesia;2005;5,705,054,692.10
French Polynesia;2006;5,877,996,247.90
French Polynesia;2007;6,631,160,061.10
French Polynesia;2008;7,136,743,972.80
French Polynesia;2009;6,584,556,511.70
French Polynesia;2010;6,086,643,040.40
French Polynesia;2011;6,203,936,563.30
French Polynesia;2012;5,692,858,773.20
French Polynesia;2013;6,031,828,532.40
French Polynesia;2014;6,151,998,958.00
French Polynesia;2015;5,325,848,045.40
Gabon;2004;7,770,219,479.70
Gabon;2005;9,582,783,318.40
Gabon;2006;10,327,598,800.70
Gabon;2007;12,455,410,055.70
Gabon;2008;15,571,349,775.80
Gabon;2009;12,113,699,660.70
Gabon;2010;14,372,591,916.50
Gabon;2011;18,210,308,748.30
Gabon;2012;17,170,465,294.00
Gabon;2013;17,595,745,653.40
Gabon;2014;18,203,968,001.90
Gabon;2015;14,383,107,714.00
Gambia, The;2004;961,900,106.90
Gambia, The;2005;1,027,702,254.40
Gambia, The;2006;1,054,113,426.70
Gambia, The;2007;1,279,704,744.80
Gambia, The;2008;1,561,763,437.00
Gambia, The;2009;1,450,140,386.00
Gambia, The;2010;1,543,292,392.50
Gambia, The;2011;1,409,694,553.90
Gambia, The;2012;1,415,006,238.10
Gambia, The;2013;1,375,608,956.10
Gambia, The;2014;1,229,460,601.90
Gambia, The;2015;1,378,176,868.30
Georgia;2004;5,125,365,192.00
Georgia;2005;6,410,823,633.30
Georgia;2006;7,745,394,293.40
Georgia;2007;10,172,882,370.50
Georgia;2008;12,795,076,469.00
Georgia;2009;10,766,836,276.60
Georgia;2010;12,243,505,582.70
Georgia;2011;15,107,441,446.80
Georgia;2012;16,488,403,076.40
Georgia;2013;17,189,551,521.00
Georgia;2014;17,627,003,454.70
Georgia;2015;14,953,950,557.40
Germany;2004;2,814,353,869,359.10
Germany;2005;2,846,864,211,175.10
Germany;2006;2,994,703,642,023.50
Germany;2007;3,425,578,382,921.60
Germany;2008;3,745,264,093,617.20
Germany;2009;3,411,261,212,652.30
Germany;2010;3,399,667,820,000.00
Germany;2011;3,749,314,991,050.60
Germany;2012;3,527,143,188,785.20
Germany;2013;3,733,804,649,549.00
Germany;2014;3,889,093,051,023.50
Germany;2015;3,357,585,719,351.60
Ghana;2004;8,881,368,538.10
Ghana;2005;10,744,675,209.90
Ghana;2006;20,440,893,017.20
Ghana;2007;24,827,844,949.60
Ghana;2008;28,678,701,891.10
Ghana;2009;26,048,108,185.10
Ghana;2010;32,197,272,797.20
Ghana;2011;39,337,314,809.90
Ghana;2012;41,270,954,737.20
Ghana;2013;62,823,043,706.50
Ghana;2014;54,782,847,752.50
Ghana;2015;49,406,568,432.70
Gibraltar;2004;..
Gibraltar;2005;..
Gibraltar;2006;..
Gibraltar;2007;..
Gibraltar;2008;..
Gibraltar;2009;..
Gibraltar;2010;..
Gibraltar;2011;..
Gibraltar;2012;..
Gibraltar;2013;..
Gibraltar;2014;..
Gibraltar;2015;..
Greece;2004;240,963,562,236.10
Greece;2005;247,875,422,204.40
Greece;2006;273,546,728,473.10
Greece;2007;318,902,829,550.70
Greece;2008;355,908,689,477.40
Greece;2009;331,308,500,253.30
Greece;2010;297,124,961,971.50
Greece;2011;282,995,942,006.60
Greece;2012;242,029,307,133.40
Greece;2013;238,907,690,051.10
Greece;2014;235,458,133,124.60
Greece;2015;195,683,527,003.40
Greenland;2004;1,822,486,688.60
Greenland;2005;1,849,805,733.00
Greenland;2006;2,013,099,482.10
Greenland;2007;2,249,811,708.90
Greenland;2008;2,499,107,510.60
Greenland;2009;2,529,948,329.60
Greenland;2010;2,503,156,060.50
Greenland;2011;2,684,467,375.70
Greenland;2012;2,609,667,673.70
Greenland;2013;2,684,952,726.90
Greenland;2014;2,842,048,997.80
Greenland;2015;2,499,115,623.00
Grenada;2004;599,118,592.60
Grenada;2005;695,555,555.60
Grenada;2006;698,700,666.70
Grenada;2007;758,683,592.60
Grenada;2008;825,976,037.00
Grenada;2009;771,275,555.60
Grenada;2010;771,013,259.30
Grenada;2011;778,655,925.90
Grenada;2012;799,882,259.30
Grenada;2013;842,620,111.10
Grenada;2014;911,500,000.00
Grenada;2015;997,007,407.40
Guam;2004;3,869,000,000.00
Guam;2005;4,213,000,000.00
Guam;2006;4,238,000,000.00
Guam;2007;4,397,000,000.00
Guam;2008;4,658,000,000.00
Guam;2009;4,828,000,000.00
Guam;2010;4,949,000,000.00
Guam;2011;4,984,000,000.00
Guam;2012;5,265,000,000.00
Guam;2013;5,399,000,000.00
Guam;2014;5,610,000,000.00
Guam;2015;5,799,000,000.00
Guatemala;2004;23,577,286,226.60
Guatemala;2005;26,783,543,667.10
Guatemala;2006;29,744,368,110.90
Guatemala;2007;33,567,868,322.60
Guatemala;2008;38,503,862,830.70
Guatemala;2009;37,125,943,565.00
Guatemala;2010;40,676,432,028.60
Guatemala;2011;46,876,114,650.50
Guatemala;2012;49,593,961,141.70
Guatemala;2013;52,996,540,703.60
Guatemala;2014;57,852,399,963.80
Guatemala;2015;62,186,186,575.70
Guinea;2004;3,635,458,132.70
Guinea;2005;2,937,071,767.30
Guinea;2006;4,220,019,242.70
Guinea;2007;6,281,917,655.90
Guinea;2008;6,964,179,193.80
Guinea;2009;6,716,904,568.80
Guinea;2010;6,853,467,857.60
Guinea;2011;6,785,137,172.80
Guinea;2012;7,638,045,254.40
Guinea;2013;8,376,613,843.30
Guinea;2014;8,778,473,614.50
Guinea;2015;8,794,202,443.70
Guinea-Bissau;2004;532,062,927.40
Guinea-Bissau;2005;587,029,054.40
Guinea-Bissau;2006;592,365,688.10
Guinea-Bissau;2007;696,910,810.90
Guinea-Bissau;2008;868,154,708.50
Guinea-Bissau;2009;830,126,470.00
Guinea-Bissau;2010;849,878,424.20
Guinea-Bissau;2011;1,099,818,652.00
Guinea-Bissau;2012;989,271,229.60
Guinea-Bissau;2013;1,046,087,418.00
Guinea-Bissau;2014;1,054,915,645.20
Guinea-Bissau;2015;1,048,229,629.40
Guyana;2004;787,814,379.20
Guyana;2005;824,880,550.30
Guyana;2006;2,379,818,383.00
Guyana;2007;2,730,971,150.00
Guyana;2008;3,025,187,923.60
Guyana;2009;3,165,663,152.70
Guyana;2010;3,432,913,073.20
Guyana;2011;3,691,384,317.50
Guyana;2012;4,063,089,191.90
Guyana;2013;4,167,800,259.20
Guyana;2014;4,127,659,492.00
Guyana;2015;4,279,840,193.70
Haiti;2004;6,036,959,914.70
Haiti;2005;7,184,064,657.30
Haiti;2006;7,518,107,786.50
Haiti;2007;9,522,763,153.80
Haiti;2008;10,485,225,353.20
Haiti;2009;11,597,014,807.30
Haiti;2010;11,859,315,078.80
Haiti;2011;13,008,754,110.80
Haiti;2012;13,708,926,466.30
Haiti;2013;14,902,474,090.60
Haiti;2014;15,139,264,670.40
Haiti;2015;14,833,154,471.70
Honduras;2004;8,869,311,411.00
Honduras;2005;9,757,034,456.80
Honduras;2006;10,917,481,688.50
Honduras;2007;12,361,257,680.60
Honduras;2008;13,881,701,033.70
Honduras;2009;14,587,496,229.20
Honduras;2010;15,839,344,592.00
Honduras;2011;17,710,315,006.00
Honduras;2012;18,528,601,901.30
Honduras;2013;18,499,710,127.80
Honduras;2014;19,756,494,434.70
Honduras;2015;20,979,767,785.20
Hong Kong SAR, China;2004;169,099,768,875.20
Hong Kong SAR, China;2005;181,570,082,162.20
Hong Kong SAR, China;2006;193,536,265,094.40
Hong Kong SAR, China;2007;211,597,405,593.90
Hong Kong SAR, China;2008;219,279,678,430.20
Hong Kong SAR, China;2009;214,046,415,026.20
Hong Kong SAR, China;2010;228,637,697,575.00
Hong Kong SAR, China;2011;248,513,617,677.30
Hong Kong SAR, China;2012;262,629,441,493.50
Hong Kong SAR, China;2013;275,696,879,835.00
Hong Kong SAR, China;2014;291,459,356,985.30
Hong Kong SAR, China;2015;309,383,627,028.60
Hungary;2004;104,120,820,258.70
Hungary;2005;113,211,158,292.90
Hungary;2006;115,715,618,613.10
Hungary;2007;140,186,716,681.40
Hungary;2008;158,325,614,580.60
Hungary;2009;131,069,255,620.60
Hungary;2010;132,175,349,953.70
Hungary;2011;141,942,264,554.50
Hungary;2012;128,814,279,315.10
Hungary;2013;135,684,315,697.70
Hungary;2014;141,033,843,265.70
Hungary;2015;125,174,166,987.40
Iceland;2004;13,825,302,535.80
Iceland;2005;16,852,963,067.00
Iceland;2006;17,465,318,552.30
Iceland;2007;21,652,505,596.80
Iceland;2008;18,074,622,987.00
Iceland;2009;13,154,414,219.20
Iceland;2010;13,751,161,917.70
Iceland;2011;15,221,622,925.90
Iceland;2012;14,751,508,133.50
Iceland;2013;16,125,060,515.30
Iceland;2014;17,867,662,177.90
Iceland;2015;17,517,210,519.10
India;2004;709,148,514,804.70
India;2005;820,381,595,512.90
India;2006;940,259,888,792.10
India;2007;1,216,735,441,524.90
India;2008;1,198,895,582,137.50
India;2009;1,341,886,602,798.70
India;2010;1,675,615,335,600.60
India;2011;1,823,049,927,772.10
India;2012;1,827,637,859,506.30
India;2013;1,856,722,121,394.40
India;2014;2,039,127,446,299.30
India;2015;2,103,587,813,812.80
Indonesia;2004;256,836,875,295.50
Indonesia;2005;285,868,618,224.00
Indonesia;2006;364,570,514,304.90
Indonesia;2007;432,216,737,774.90
Indonesia;2008;510,228,634,992.30
Indonesia;2009;539,580,085,612.40
Indonesia;2010;755,094,160,363.10
Indonesia;2011;892,969,107,923.10
Indonesia;2012;917,869,910,105.70
Indonesia;2013;912,524,136,718.00
Indonesia;2014;890,814,755,233.20
Indonesia;2015;860,854,235,065.10
Iran, Islamic Rep.;2004;190,043,433,964.80
Iran, Islamic Rep.;2005;226,452,138,291.50
Iran, Islamic Rep.;2006;266,298,911,661.10
Iran, Islamic Rep.;2007;349,881,601,458.60
Iran, Islamic Rep.;2008;412,336,172,446.80
Iran, Islamic Rep.;2009;416,397,025,729.40
Iran, Islamic Rep.;2010;486,807,615,326.10
Iran, Islamic Rep.;2011;626,133,114,526.80
Iran, Islamic Rep.;2012;644,035,510,447.90
Iran, Islamic Rep.;2013;492,775,565,649.60
Iran, Islamic Rep.;2014;460,382,791,826.30
Iran, Islamic Rep.;2015;408,212,918,053.90
Iraq;2004;36,627,901,762.10
Iraq;2005;49,954,890,353.30
Iraq;2006;65,140,147,197.10
Iraq;2007;88,837,055,195.30
Iraq;2008;131,614,433,712.20
Iraq;2009;111,657,581,662.40
Iraq;2010;138,516,722,649.60
Iraq;2011;185,749,664,444.40
Iraq;2012;218,002,481,737.70
Iraq;2013;234,637,675,128.60
Iraq;2014;228,415,656,175.00
Iraq;2015;166,774,109,673.70
Ireland;2004;194,372,115,041.10
Ireland;2005;211,876,989,655.90
Ireland;2006;232,180,617,162.30
Ireland;2007;270,079,279,419.50
Ireland;2008;275,447,471,451.10
Ireland;2009;236,443,115,853.70
Ireland;2010;221,913,560,882.40
Ireland;2011;239,003,132,208.10
Ireland;2012;225,628,699,653.00
Ireland;2013;238,340,859,896.90
Ireland;2014;259,170,903,647.50
Ireland;2015;291,775,166,506.90
Isle of Man;2004;2,822,358,473.20
Isle of Man;2005;3,032,400,000.00
Isle of Man;2006;3,422,651,333.90
Isle of Man;2007;4,466,100,440.20
Isle of Man;2008;5,928,420,955.90
Isle of Man;2009;5,487,083,657.90
Isle of Man;2010;5,920,177,688.50
Isle of Man;2011;6,566,098,381.70
Isle of Man;2012;6,690,725,118.50
Isle of Man;2013;7,000,748,788.50
Isle of Man;2014;7,708,834,951.50
Isle of Man;2015;7,085,288,006.10
Israel;2004;139,973,148,371.30
Israel;2005;147,083,996,033.60
Israel;2006;158,670,456,932.50
Israel;2007;184,052,121,662.10
Israel;2008;220,531,065,217.40
Israel;2009;211,970,040,943.00
Israel;2010;238,364,092,298.00
Israel;2011;266,791,854,430.90
Israel;2012;262,282,344,091.80
Israel;2013;297,732,778,479.10
Israel;2014;314,330,061,977.30
Israel;2015;303,414,276,832.00
Italy;2004;1,806,542,968,545.60
Italy;2005;1,858,217,147,203.70
Italy;2006;1,949,551,719,389.60
Italy;2007;2,213,102,482,751.50
Italy;2008;2,408,655,348,718.60
Italy;2009;2,199,928,804,118.60
Italy;2010;2,136,099,955,236.70
Italy;2011;2,294,994,296,589.50
Italy;2012;2,086,957,656,821.60
Italy;2013;2,141,924,094,298.60
Italy;2014;2,162,009,615,996.50
Italy;2015;1,836,637,711,060.60
Jamaica;2004;10,174,664,853.90
Jamaica;2005;11,243,868,485.70
Jamaica;2006;11,930,171,468.40
Jamaica;2007;12,799,593,017.70
Jamaica;2008;13,709,402,085.30
Jamaica;2009;12,120,460,872.80
Jamaica;2010;13,220,556,882.70
Jamaica;2011;14,444,655,299.90
Jamaica;2012;14,807,086,889.20
Jamaica;2013;14,264,202,737.30
Jamaica;2014;13,899,228,824.20
Jamaica;2015;14,188,935,947.60
Japan;2004;4,893,116,005,656.60
Japan;2005;4,831,467,035,389.80
Japan;2006;4,601,663,122,649.90
Japan;2007;4,579,750,920,354.80
Japan;2008;5,106,679,115,127.30
Japan;2009;5,289,493,117,993.90
Japan;2010;5,759,071,769,013.10
Japan;2011;6,233,147,172,341.40
Japan;2012;6,272,362,996,105.00
Japan;2013;5,212,328,181,166.20
Japan;2014;4,896,994,405,353.30
Japan;2015;4,444,930,651,964.20
Jordan;2004;11,411,706,629.10
Jordan;2005;12,588,998,589.60
Jordan;2006;15,056,981,664.30
Jordan;2007;17,110,437,235.50
Jordan;2008;22,657,662,395.00
Jordan;2009;24,537,876,123.70
Jordan;2010;27,133,804,244.40
Jordan;2011;29,524,149,164.90
Jordan;2012;31,634,561,670.40
Jordan;2013;34,454,440,180.70
Jordan;2014;36,847,643,587.20
Jordan;2015;38,587,017,944.30
Kazakhstan;2004;43,151,647,002.60
Kazakhstan;2005;57,123,671,733.90
Kazakhstan;2006;81,003,884,545.40
Kazakhstan;2007;104,849,886,825.60
Kazakhstan;2008;133,441,612,246.80
Kazakhstan;2009;115,308,661,142.90
Kazakhstan;2010;148,047,348,240.60
Kazakhstan;2011;192,626,507,971.60
Kazakhstan;2012;207,998,568,865.80
Kazakhstan;2013;236,634,552,078.10
Kazakhstan;2014;221,415,572,819.50
Kazakhstan;2015;184,388,432,148.70
Kenya;2004;16,095,337,093.80
Kenya;2005;18,737,897,744.80
Kenya;2006;25,825,524,820.80
Kenya;2007;31,958,195,182.20
Kenya;2008;35,895,153,327.80
Kenya;2009;42,347,217,912.90
Kenya;2010;45,405,587,556.70
Kenya;2011;46,869,457,318.30
Kenya;2012;56,396,706,005.90
Kenya;2013;61,671,425,370.00
Kenya;2014;68,285,768,554.50
Kenya;2015;70,120,413,328.80
Kiribati;2004;102,367,039.30
Kiribati;2005;112,133,944.30
Kiribati;2006;110,234,939.80
Kiribati;2007;132,671,743.00
Kiribati;2008;141,042,610.30
Kiribati;2009;132,419,903.30
Kiribati;2010;155,299,761.50
Kiribati;2011;180,665,807.10
Kiribati;2012;189,630,151.20
Kiribati;2013;184,550,782.00
Kiribati;2014;177,862,267.90
Kiribati;2015;170,291,037.50
Korea, Dem. People's Rep.;2004;..
Korea, Dem. People's Rep.;2005;..
Korea, Dem. People's Rep.;2006;..
Korea, Dem. People's Rep.;2007;..
Korea, Dem. People's Rep.;2008;..
Korea, Dem. People's Rep.;2009;..
Korea, Dem. People's Rep.;2010;..
Korea, Dem. People's Rep.;2011;..
Korea, Dem. People's Rep.;2012;..
Korea, Dem. People's Rep.;2013;..
Korea, Dem. People's Rep.;2014;..
Korea, Dem. People's Rep.;2015;..
Korea, Rep.;2004;793,175,007,858.10
Korea, Rep.;2005;934,901,071,333.00
Korea, Rep.;2006;1,053,216,909,887.60
Korea, Rep.;2007;1,172,614,086,539.90
Korea, Rep.;2008;1,047,339,010,225.30
Korea, Rep.;2009;943,941,876,218.70
Korea, Rep.;2010;1,144,066,965,324.50
Korea, Rep.;2011;1,253,223,044,719.00
Korea, Rep.;2012;1,278,427,634,342.60
Korea, Rep.;2013;1,370,795,199,976.20
Korea, Rep.;2014;1,484,318,219,633.60
Korea, Rep.;2015;1,465,773,245,547.20
Kosovo;2004;..
Kosovo;2005;..
Kosovo;2006;..
Kosovo;2007;..
Kosovo;2008;5,181,776,768.70
Kosovo;2009;5,015,894,693.00
Kosovo;2010;5,344,014,317.90
Kosovo;2011;6,341,737,193.80
Kosovo;2012;6,163,785,172.80
Kosovo;2013;6,735,731,172.80
Kosovo;2014;7,074,657,898.20
Kosovo;2015;6,295,820,481.50
Kuwait;2004;59,439,090,600.60
Kuwait;2005;80,798,630,137.00
Kuwait;2006;101,548,931,771.20
Kuwait;2007;114,639,690,358.90
Kuwait;2008;147,395,089,285.70
Kuwait;2009;105,963,168,867.30
Kuwait;2010;115,419,399,860.40
Kuwait;2011;154,068,115,942.00
Kuwait;2012;174,070,382,279.40
Kuwait;2013;174,161,142,454.20
Kuwait;2014;162,631,412,508.80
Kuwait;2015;114,567,298,105.70
Kyrgyz Republic;2004;2,211,534,585.00
Kyrgyz Republic;2005;2,460,248,026.20
Kyrgyz Republic;2006;2,834,168,889.40
Kyrgyz Republic;2007;3,802,566,170.80
Kyrgyz Republic;2008;5,139,957,784.90
Kyrgyz Republic;2009;4,690,062,255.10
Kyrgyz Republic;2010;4,794,357,795.10
Kyrgyz Republic;2011;6,197,766,118.60
Kyrgyz Republic;2012;6,605,139,933.40
Kyrgyz Republic;2013;7,335,027,591.90
Kyrgyz Republic;2014;7,468,096,566.70
Kyrgyz Republic;2015;6,678,178,340.50
Lao PDR;2004;2,366,398,119.90
Lao PDR;2005;2,735,558,726.30
Lao PDR;2006;3,455,031,447.60
Lao PDR;2007;4,223,152,219.20
Lao PDR;2008;5,446,434,031.70
Lao PDR;2009;5,836,138,127.10
Lao PDR;2010;7,131,773,632.70
Lao PDR;2011;8,750,107,401.60
Lao PDR;2012;10,192,848,926.30
Lao PDR;2013;11,983,252,611.30
Lao PDR;2014;13,279,248,478.80
Lao PDR;2015;14,426,381,187.10
Latvia;2004;14,435,700,533.40
Latvia;2005;17,003,459,863.10
Latvia;2006;21,570,076,498.60
Latvia;2007;31,054,350,978.00
Latvia;2008;35,854,274,228.90
Latvia;2009;26,410,909,090.90
Latvia;2010;23,956,163,076.60
Latvia;2011;27,474,380,566.30
Latvia;2012;28,169,902,669.40
Latvia;2013;30,204,783,461.80
Latvia;2014;31,386,896,487.00
Latvia;2015;27,263,090,547.10
Lebanon;2004;21,159,827,992.00
Lebanon;2005;21,497,336,499.00
Lebanon;2006;22,022,709,851.50
Lebanon;2007;24,827,355,014.70
Lebanon;2008;29,118,916,105.60
Lebanon;2009;35,399,582,928.60
Lebanon;2010;38,443,907,042.30
Lebanon;2011;39,927,125,961.20
Lebanon;2012;44,016,799,515.80
Lebanon;2013;46,880,103,080.70
Lebanon;2014;48,095,213,746.50
Lebanon;2015;49,929,337,837.10
Lesotho;2004;1,511,236,655.50
Lesotho;2005;1,682,350,934.90
Lesotho;2006;1,800,105,589.60
Lesotho;2007;1,682,016,947.20
Lesotho;2008;1,766,825,412.80
Lesotho;2009;1,740,830,510.90
Lesotho;2010;2,234,731,973.60
Lesotho;2011;2,579,421,686.20
Lesotho;2012;2,477,702,252.80
Lesotho;2013;2,367,113,170.00
Lesotho;2014;2,441,053,175.70
Lesotho;2015;2,359,759,799.00
Liberia;2004;897,000,000.00
Liberia;2005;949,000,000.00
Liberia;2006;1,119,000,000.00
Liberia;2007;1,373,000,000.00
Liberia;2008;1,726,000,000.00
Liberia;2009;1,768,000,000.00
Liberia;2010;1,998,000,000.00
Liberia;2011;2,398,000,000.00
Liberia;2012;2,791,614,000.00
Liberia;2013;3,177,198,100.00
Liberia;2014;3,225,652,000.00
Liberia;2015;3,227,075,700.00
Libya;2004;33,122,307,692.30
Libya;2005;47,334,148,578.40
Libya;2006;60,092,950,669.90
Libya;2007;68,035,403,136.40
Libya;2008;86,708,074,534.20
Libya;2009;60,810,211,408.10
Libya;2010;75,380,170,508.40
Libya;2011;48,167,374,612.00
Libya;2012;92,538,004,279.90
Libya;2013;75,350,633,010.90
Libya;2014;57,372,445,771.80
Libya;2015;48,717,854,040.00
Liechtenstein;2004;3,454,362,686.00
Liechtenstein;2005;3,659,251,525.90
Liechtenstein;2006;4,000,239,272.60
Liechtenstein;2007;4,601,299,566.80
Liechtenstein;2008;5,081,432,924.00
Liechtenstein;2009;4,504,549,214.20
Liechtenstein;2010;5,082,366,478.10
Liechtenstein;2011;5,739,977,477.50
Liechtenstein;2012;5,456,009,384.70
Liechtenstein;2013;6,391,735,893.80
Liechtenstein;2014;6,657,170,923.40
Liechtenstein;2015;6,268,391,521.20
Lithuania;2004;22,627,507,451.60
Lithuania;2005;26,097,677,571.80
Lithuania;2006;30,183,575,103.50
Lithuania;2007;39,697,891,351.90
Lithuania;2008;47,797,551,587.90
Lithuania;2009;37,388,122,046.10
Lithuania;2010;37,128,694,028.20
Lithuania;2011;43,535,051,482.40
Lithuania;2012;42,927,454,291.50
Lithuania;2013;46,523,420,074.40
Lithuania;2014;48,533,659,592.20
Lithuania;2015;41,435,533,340.40
Luxembourg;2004;35,064,843,792.90
Luxembourg;2005;37,672,280,120.50
Luxembourg;2006;42,910,146,296.10
Luxembourg;2007;51,587,401,415.80
Luxembourg;2008;58,844,277,701.50
Luxembourg;2009;54,467,289,897.60
Luxembourg;2010;56,213,985,987.40
Luxembourg;2011;61,696,281,326.20
Luxembourg;2012;59,776,383,527.40
Luxembourg;2013;65,203,276,467.00
Luxembourg;2014;68,804,811,897.60
Luxembourg;2015;60,071,584,216.10
Macao SAR, China;2004;10,643,215,078.20
Macao SAR, China;2005;12,160,002,995.80
Macao SAR, China;2006;14,874,147,024.30
Macao SAR, China;2007;18,439,876,056.20
Macao SAR, China;2008;21,027,044,550.60
Macao SAR, China;2009;21,587,740,941.60
Macao SAR, China;2010;28,241,858,488.90
Macao SAR, China;2011;36,845,925,519.40
Macao SAR, China;2012;43,189,526,777.60
Macao SAR, China;2013;51,536,304,807.70
Macao SAR, China;2014;54,903,031,137.70
Macao SAR, China;2015;45,047,964,934.30
North Macedonia;2004;5,682,788,267.10
North Macedonia;2005;6,258,600,713.80
North Macedonia;2006;6,861,222,332.00
North Macedonia;2007;8,336,478,142.10
North Macedonia;2008;9,909,548,410.80
North Macedonia;2009;9,401,731,495.70
North Macedonia;2010;9,407,168,702.40
North Macedonia;2011;10,494,632,699.40
North Macedonia;2012;9,745,251,126.00
North Macedonia;2013;10,817,712,138.90
North Macedonia;2014;11,362,272,837.90
North Macedonia;2015;10,064,515,432.00
Madagascar;2004;5,064,732,715.70
Madagascar;2005;5,859,269,849.10
Madagascar;2006;6,395,712,392.20
Madagascar;2007;8,524,620,739.20
Madagascar;2008;10,725,137,930.80
Madagascar;2009;9,616,879,571.50
Madagascar;2010;9,982,711,338.10
Madagascar;2011;11,551,819,617.60
Madagascar;2012;11,578,974,888.00
Madagascar;2013;12,423,555,269.40
Madagascar;2014;12,522,957,228.20
Madagascar;2015;11,323,020,828.60
Malawi;2004;3,476,094,498.90
Malawi;2005;3,655,909,664.10
Malawi;2006;3,998,020,176.70
Malawi;2007;4,432,937,045.80
Malawi;2008;5,321,012,192.30
Malawi;2009;6,191,127,665.20
Malawi;2010;6,959,655,570.90
Malawi;2011;8,004,000,737.30
Malawi;2012;6,028,487,928.80
Malawi;2013;5,518,880,768.60
Malawi;2014;6,047,813,437.30
Malawi;2015;6,373,212,640.80
Malaysia;2004;124,749,473,684.20
Malaysia;2005;143,534,102,611.50
Malaysia;2006;162,691,238,209.50
Malaysia;2007;193,547,824,063.30
Malaysia;2008;230,813,897,715.70
Malaysia;2009;202,257,625,195.10
Malaysia;2010;255,016,609,232.90
Malaysia;2011;297,951,960,784.30
Malaysia;2012;314,443,149,443.10
Malaysia;2013;323,277,158,907.00
Malaysia;2014;338,061,963,396.40
Malaysia;2015;301,354,756,113.20
Maldives;2004;1,226,829,562.50
Maldives;2005;1,163,362,437.50
Maldives;2006;1,575,200,390.60
Maldives;2007;1,868,383,460.90
Maldives;2008;2,271,646,187.50
Maldives;2009;2,345,294,875.00
Maldives;2010;2,588,176,054.70
Maldives;2011;2,774,351,760.00
Maldives;2012;2,886,170,571.70
Maldives;2013;3,295,011,381.80
Maldives;2014;3,697,351,596.80
Maldives;2015;4,109,424,799.70
Mali;2004;5,454,249,456.70
Mali;2005;6,247,515,449.70
Mali;2006;6,905,934,548.40
Mali;2007;8,156,469,132.90
Mali;2008;9,838,404,004.90
Mali;2009;10,231,962,890.60
Mali;2010;10,689,167,195.30
Mali;2011;12,995,113,407.20
Mali;2012;12,442,036,265.10
Mali;2013;13,242,691,429.60
Mali;2014;14,364,937,996.90
Mali;2015;13,104,764,334.00
Malta;2004;6,116,591,928.30
Malta;2005;6,407,287,650.80
Malta;2006;6,778,321,415.10
Malta;2007;7,925,403,777.70
Malta;2008;9,090,376,446.50
Malta;2009;8,696,304,529.00
Malta;2010;9,035,927,349.90
Malta;2011;9,638,919,821.80
Malta;2012;9,462,289,605.60
Malta;2013;10,551,600,478.20
Malta;2014;11,626,278,729.90
Malta;2015;11,091,423,499.40
Marshall Islands;2004;132,934,600.00
Marshall Islands;2005;137,666,300.00
Marshall Islands;2006;142,745,200.00
Marshall Islands;2007;149,870,000.00
Marshall Islands;2008;145,969,100.00
Marshall Islands;2009;150,624,900.00
Marshall Islands;2010;160,318,500.00
Marshall Islands;2011;171,567,100.00
Marshall Islands;2012;179,855,800.00
Marshall Islands;2013;185,468,000.00
Marshall Islands;2014;185,172,900.00
Marshall Islands;2015;182,997,300.00
Mauritania;2004;2,362,501,023.20
Mauritania;2005;2,936,019,525.60
Mauritania;2006;3,919,577,285.90
Mauritania;2007;4,346,206,808.50
Mauritania;2008;5,206,444,406.70
Mauritania;2009;4,714,592,492.90
Mauritania;2010;5,628,882,266.40
Mauritania;2011;6,764,635,686.80
Mauritania;2012;6,728,208,836.20
Mauritania;2013;7,223,063,169.70
Mauritania;2014;6,592,537,781.80
Mauritania;2015;6,166,857,628.60
Mauritius;2004;6,578,844,486.10
Mauritius;2005;6,488,750,452.60
Mauritius;2006;7,028,803,365.70
Mauritius;2007;8,150,138,757.20
Mauritius;2008;9,990,370,016.30
Mauritius;2009;9,128,843,109.20
Mauritius;2010;10,003,670,690.30
Mauritius;2011;11,518,393,367.20
Mauritius;2012;11,668,685,524.10
Mauritius;2013;12,292,957,324.40
Mauritius;2014;13,074,137,210.30
Mauritius;2015;12,007,291,045.60
Mexico;2004;782,240,601,984.80
Mexico;2005;877,476,221,382.10
Mexico;2006;975,387,131,716.10
Mexico;2007;1,052,696,282,278.90
Mexico;2008;1,109,989,063,586.60
Mexico;2009;900,045,350,649.40
Mexico;2010;1,057,801,295,584.10
Mexico;2011;1,180,489,601,957.60
Mexico;2012;1,201,089,987,015.50
Mexico;2013;1,274,443,084,716.60
Mexico;2014;1,315,351,183,524.50
Mexico;2015;1,171,867,608,197.70
Micronesia, Fed. Sts.;2004;240,236,000.00
Micronesia, Fed. Sts.;2005;250,281,900.00
Micronesia, Fed. Sts.;2006;253,541,900.00
Micronesia, Fed. Sts.;2007;256,787,200.00
Micronesia, Fed. Sts.;2008;263,145,100.00
Micronesia, Fed. Sts.;2009;280,284,600.00
Micronesia, Fed. Sts.;2010;296,944,100.00
Micronesia, Fed. Sts.;2011;311,301,600.00
Micronesia, Fed. Sts.;2012;327,248,700.00
Micronesia, Fed. Sts.;2013;317,214,400.00
Micronesia, Fed. Sts.;2014;319,271,200.00
Micronesia, Fed. Sts.;2015;316,489,900.00
Moldova;2004;2,598,249,555.90
Moldova;2005;2,988,348,836.50
Moldova;2006;3,408,244,549.20
Moldova;2007;4,401,189,466.10
Moldova;2008;6,054,849,884.50
Moldova;2009;5,439,422,031.40
Moldova;2010;6,974,982,392.70
Moldova;2011;8,414,351,672.00
Moldova;2012;8,709,138,764.80
Moldova;2013;9,496,717,702.40
Moldova;2014;9,510,198,961.60
Moldova;2015;7,745,241,912.90
Monaco;2004;4,137,913,500.00
Monaco;2005;4,203,084,193.50
Monaco;2006;4,582,988,332.70
Monaco;2007;5,867,916,780.70
Monaco;2008;6,476,490,405.70
Monaco;2009;5,451,653,237.00
Monaco;2010;5,367,625,613.20
Monaco;2011;6,088,808,463.30
Monaco;2012;5,743,029,680.10
Monaco;2013;6,555,983,530.30
Monaco;2014;7,069,616,048.90
Monaco;2015;6,261,622,101.40
Mongolia;2004;1,992,066,808.10
Mongolia;2005;2,523,471,532.00
Mongolia;2006;3,414,055,566.10
Mongolia;2007;4,234,999,823.30
Mongolia;2008;5,623,216,448.90
Mongolia;2009;4,583,850,367.90
Mongolia;2010;7,189,481,824.10
Mongolia;2011;10,409,797,649.30
Mongolia;2012;12,292,770,631.20
Mongolia;2013;12,582,122,604.20
Mongolia;2014;12,226,514,722.10
Mongolia;2015;11,619,892,396.10
Montenegro;2004;2,073,234,417.70
Montenegro;2005;2,257,174,480.80
Montenegro;2006;2,721,903,148.90
Montenegro;2007;3,680,711,743.80
Montenegro;2008;4,545,674,527.60
Montenegro;2009;4,159,330,369.50
Montenegro;2010;4,143,033,275.90
Montenegro;2011;4,544,516,982.20
Montenegro;2012;4,087,725,812.70
Montenegro;2013;4,466,039,314.70
Montenegro;2014;4,594,024,179.60
Montenegro;2015;4,054,712,082.50
Morocco;2004;59,626,020,162.40
Morocco;2005;62,343,022,650.90
Morocco;2006;68,640,825,480.90
Morocco;2007;79,041,294,874.50
Morocco;2008;92,507,257,783.60
Morocco;2009;92,897,320,375.80
Morocco;2010;93,216,746,661.60
Morocco;2011;101,370,474,295.10
Morocco;2012;98,266,306,615.40
Morocco;2013;106,825,649,872.10
Morocco;2014;119,131,365,761.40
Morocco;2015;110,414,366,621.30
Mozambique;2004;7,631,120,533.40
Mozambique;2005;8,542,070,109.70
Mozambique;2006;9,176,889,070.40
Mozambique;2007;10,450,843,291.30
Mozambique;2008;12,556,195,188.60
Mozambique;2009;11,914,471,497.10
Mozambique;2010;11,104,648,673.00
Mozambique;2011;14,381,552,432.90
Mozambique;2012;16,350,804,543.10
Mozambique;2013;16,974,320,551.00
Mozambique;2014;17,716,084,107.60
Mozambique;2015;15,950,969,018.90
Myanmar;2004;9,390,855,297.70
Myanmar;2005;10,588,433,068.90
Myanmar;2006;11,863,016,315.30
Myanmar;2007;15,591,182,544.70
Myanmar;2008;23,013,015,832.10
Myanmar;2009;29,455,165,594.70
Myanmar;2010;37,796,052,938.70
Myanmar;2011;54,118,601,974.80
Myanmar;2012;58,318,677,644.90
Myanmar;2013;60,572,257,122.30
Myanmar;2014;63,264,892,768.40
Myanmar;2015;63,045,305,229.10
Namibia;2004;6,609,198,832.80
Namibia;2005;7,248,394,160.40
Namibia;2006;8,001,779,551.10
Namibia;2007;8,839,526,451.60
Namibia;2008;8,607,475,308.10
Namibia;2009;8,938,868,165.40
Namibia;2010;11,431,334,447.40
Namibia;2011;12,523,402,328.80
Namibia;2012;13,042,007,432.40
Namibia;2013;12,043,276,401.40
Namibia;2014;12,435,416,063.50
Namibia;2015;11,335,179,561.00
Nauru;2004;..
Nauru;2005;..
Nauru;2006;..
Nauru;2007;..
Nauru;2008;..
Nauru;2009;..
Nauru;2010;47,564,520.40
Nauru;2011;66,055,407.70
Nauru;2012;96,927,201.50
Nauru;2013;98,491,843.60
Nauru;2014;104,654,365.20
Nauru;2015;86,529,661.40
Nepal;2004;7,273,938,314.70
Nepal;2005;8,130,258,041.50
Nepal;2006;9,043,715,355.90
Nepal;2007;10,325,618,017.40
Nepal;2008;12,545,438,605.40
Nepal;2009;12,854,985,464.10
Nepal;2010;16,002,656,434.50
Nepal;2011;21,573,862,466.80
Nepal;2012;21,703,106,502.00
Nepal;2013;22,162,208,956.10
Nepal;2014;22,731,602,970.00
Nepal;2015;24,360,795,410.60
Netherlands;2004;658,380,081,545.20
Netherlands;2005;685,348,181,516.00
Netherlands;2006;733,955,269,898.80
Netherlands;2007;848,558,887,541.20
Netherlands;2008;951,869,997,864.10
Netherlands;2009;871,518,638,049.20
Netherlands;2010;847,380,859,016.70
Netherlands;2011;905,270,626,332.70
Netherlands;2012;838,923,319,919.50
Netherlands;2013;877,172,824,534.50
Netherlands;2014;892,167,986,713.70
Netherlands;2015;765,572,770,634.40
New Caledonia;2004;5,895,011,251.60
New Caledonia;2005;6,238,632,283.80
New Caledonia;2006;6,979,153,331.70
New Caledonia;2007;8,819,922,042.40
New Caledonia;2008;9,067,623,001.00
New Caledonia;2009;8,704,436,169.10
New Caledonia;2010;9,364,347,372.00
New Caledonia;2011;10,351,442,209.00
New Caledonia;2012;9,659,153,061.40
New Caledonia;2013;10,151,385,305.80
New Caledonia;2014;10,635,039,738.70
New Caledonia;2015;8,738,205,836.70
New Zealand;2004;103,905,210,084.00
New Zealand;2005;114,720,129,550.10
New Zealand;2006;111,538,810,712.70
New Zealand;2007;137,188,946,865.60
New Zealand;2008;133,131,369,930.40
New Zealand;2009;121,373,602,348.70
New Zealand;2010;146,517,541,181.30
New Zealand;2011;168,291,357,111.70
New Zealand;2012;176,206,659,722.50
New Zealand;2013;190,906,575,136.00
New Zealand;2014;201,313,497,220.90
New Zealand;2015;178,064,471,137.90
Nicaragua;2004;5,795,568,204.60
Nicaragua;2005;6,321,335,612.20
Nicaragua;2006;6,763,361,732.90
Nicaragua;2007;7,423,313,548.50
Nicaragua;2008;8,496,946,608.20
Nicaragua;2009;8,298,679,908.60
Nicaragua;2010;8,758,639,096.50
Nicaragua;2011;9,774,307,336.20
Nicaragua;2012;10,532,006,608.10
Nicaragua;2013;10,982,979,274.20
Nicaragua;2014;11,880,434,070.80
Nicaragua;2015;12,756,706,583.30
Niger;2004;3,760,443,965.70
Niger;2005;4,383,315,657.00
Niger;2006;4,756,361,480.00
Niger;2007;5,731,485,267.30
Niger;2008;7,297,600,896.90
Niger;2009;7,352,131,669.30
Niger;2010;7,851,191,899.30
Niger;2011;8,772,951,261.80
Niger;2012;9,426,913,349.20
Niger;2013;10,224,897,934.70
Niger;2014;10,862,944,203.60
Niger;2015;9,683,867,893.70
Nigeria;2004;135,764,715,375.20
Nigeria;2005;175,670,536,601.00
Nigeria;2006;238,454,952,231.60
Nigeria;2007;278,260,808,841.00
Nigeria;2008;339,476,215,683.60
Nigeria;2009;295,008,767,295.00
Nigeria;2010;366,990,528,103.10
Nigeria;2011;414,466,540,786.70
Nigeria;2012;463,971,000,388.60
Nigeria;2013;520,117,163,617.70
Nigeria;2014;574,183,825,592.40
Nigeria;2015;493,026,782,401.60
Northern Mariana Islands;2004;1,210,000,000.00
Northern Mariana Islands;2005;1,061,000,000.00
Northern Mariana Islands;2006;990,000,000.00
Northern Mariana Islands;2007;938,000,000.00
Northern Mariana Islands;2008;939,000,000.00
Northern Mariana Islands;2009;795,000,000.00
Northern Mariana Islands;2010;799,000,000.00
Northern Mariana Islands;2011;729,000,000.00
Northern Mariana Islands;2012;746,000,000.00
Northern Mariana Islands;2013;772,000,000.00
Northern Mariana Islands;2014;832,000,000.00
Northern Mariana Islands;2015;910,000,000.00
Norway;2004;264,511,630,667.00
Norway;2005;308,884,284,051.20
Norway;2006;345,581,369,965.50
Norway;2007;400,937,100,158.70
Norway;2008;462,250,000,000.00
Norway;2009;386,190,385,318.80
Norway;2010;428,757,038,466.80
Norway;2011;498,283,438,454.30
Norway;2012;509,506,317,146.50
Norway;2013;522,761,531,914.90
Norway;2014;498,410,050,251.30
Norway;2015;385,801,550,067.20
Oman;2004;24,763,712,873.90
Oman;2005;31,081,991,677.50
Oman;2006;37,215,779,713.90
Oman;2007;42,085,379,453.80
Oman;2008;60,905,452,535.80
Oman;2009;48,388,363,589.10
Oman;2010;64,993,498,049.40
Oman;2011;77,497,529,258.80
Oman;2012;87,408,842,652.80
Oman;2013;89,936,020,806.20
Oman;2014;92,699,089,726.90
Oman;2015;78,710,793,238.00
Pakistan;2004;107,759,683,863.10
Pakistan;2005;120,055,291,992.90
Pakistan;2006;137,264,061,106.00
Pakistan;2007;152,385,716,311.90
Pakistan;2008;170,077,814,106.30
Pakistan;2009;168,152,775,283.00
Pakistan;2010;177,165,635,077.10
Pakistan;2011;213,587,413,184.00
Pakistan;2012;224,383,620,829.60
Pakistan;2013;231,218,567,179.00
Pakistan;2014;244,360,888,750.80
Pakistan;2015;270,556,131,701.20
Palau;2004;165,186,200.00
Palau;2005;190,452,900.00
Palau;2006;192,382,400.00
Palau;2007;198,897,700.00
Palau;2008;198,283,900.00
Palau;2009;187,522,800.00
Palau;2010;185,943,000.00
Palau;2011;196,911,100.00
Palau;2012;212,397,800.00
Palau;2013;221,117,200.00
Palau;2014;241,669,800.00
Palau;2015;280,457,700.00
Panama;2004;15,013,381,700.00
Panama;2005;16,374,393,900.00
Panama;2006;18,141,666,300.00
Panama;2007;21,295,984,200.00
Panama;2008;25,155,888,600.00
Panama;2009;27,116,635,600.00
Panama;2010;29,440,287,600.00
Panama;2011;34,686,224,300.00
Panama;2012;40,429,700,000.00
Panama;2013;45,599,900,000.00
Panama;2014;49,921,400,000.00
Panama;2015;54,091,800,000.00
Papua New Guinea;2004;3,927,157,867.00
Papua New Guinea;2005;4,865,892,972.30
Papua New Guinea;2006;8,355,006,706.60
Papua New Guinea;2007;9,545,177,014.10
Papua New Guinea;2008;11,670,840,931.80
Papua New Guinea;2009;11,619,637,799.00
Papua New Guinea;2010;14,250,755,231.10
Papua New Guinea;2011;17,984,910,501.90
Papua New Guinea;2012;21,295,659,243.60
Papua New Guinea;2013;21,261,432,791.30
Papua New Guinea;2014;23,210,682,538.40
Papua New Guinea;2015;21,723,531,173.20
Paraguay;2004;9,624,440,836.30
Paraguay;2005;10,737,500,188.10
Paraguay;2006;13,429,430,050.30
Paraguay;2007;17,856,393,235.40
Paraguay;2008;24,615,267,663.50
Paraguay;2009;22,355,151,162.00
Paraguay;2010;27,260,886,405.20
Paraguay;2011;33,756,238,766.50
Paraguay;2012;33,271,921,136.30
Paraguay;2013;38,501,122,141.40
Paraguay;2014;40,377,929,295.60
Paraguay;2015;36,211,447,840.10
Peru;2004;66,768,703,497.60
Peru;2005;76,060,606,060.60
Peru;2006;88,643,193,061.70
Peru;2007;102,170,981,144.10
Peru;2008;120,550,599,815.40
Peru;2009;120,822,986,521.50
Peru;2010;147,528,937,028.80
Peru;2011;171,761,737,046.60
Peru;2012;192,648,999,090.10
Peru;2013;201,175,469,114.30
Peru;2014;200,789,362,451.60
Peru;2015;189,805,300,841.60
Philippines;2004;95,002,028,504.70
Philippines;2005;107,419,961,717.70
Philippines;2006;127,652,859,201.00
Philippines;2007;155,980,378,253.60
Philippines;2008;181,624,577,154.70
Philippines;2009;175,974,711,592.10
Philippines;2010;208,368,726,861.40
Philippines;2011;234,216,930,369.80
Philippines;2012;261,920,509,950.60
Philippines;2013;283,902,728,260.70
Philippines;2014;297,483,247,101.00
Philippines;2015;306,446,140,628.70
Poland;2004;255,110,181,539.80
Poland;2005;306,144,336,269.50
Poland;2006;344,622,003,093.60
Poland;2007;429,028,505,365.10
Poland;2008;533,609,081,852.90
Poland;2009;439,737,508,413.20
Poland;2010;475,696,613,935.60
Poland;2011;524,382,678,547.30
Poland;2012;495,236,910,793.80
Poland;2013;515,764,728,216.20
Poland;2014;539,087,652,559.80
Poland;2015;477,111,287,969.20
Portugal;2004;189,382,122,532.20
Portugal;2005;197,253,876,704.90
Portugal;2006;208,756,449,275.80
Portugal;2007;240,496,147,317.40
Portugal;2008;263,416,394,624.10
Portugal;2009;244,667,762,835.50
Portugal;2010;238,113,003,233.30
Portugal;2011;245,117,990,242.20
Portugal;2012;216,224,240,578.00
Portugal;2013;226,433,858,005.70
Portugal;2014;229,901,964,221.90
Portugal;2015;199,394,066,525.40
Puerto Rico;2004;80,322,313,000.00
Puerto Rico;2005;83,914,521,300.00
Puerto Rico;2006;87,276,164,400.00
Puerto Rico;2007;89,524,131,600.00
Puerto Rico;2008;93,639,300,000.00
Puerto Rico;2009;96,385,600,000.00
Puerto Rico;2010;98,381,300,000.00
Puerto Rico;2011;100,351,700,000.00
Puerto Rico;2012;101,564,800,000.00
Puerto Rico;2013;102,450,000,000.00
Puerto Rico;2014;102,445,800,000.00
Puerto Rico;2015;103,375,500,000.00
Qatar;2004;31,734,065,934.10
Qatar;2005;44,530,494,505.50
Qatar;2006;60,882,142,857.10
Qatar;2007;79,712,087,912.10
Qatar;2008;115,270,054,945.10
Qatar;2009;97,798,351,648.40
Qatar;2010;125,122,306,346.20
Qatar;2011;167,775,268,626.40
Qatar;2012;186,833,502,362.60
Qatar;2013;198,727,642,967.00
Qatar;2014;206,224,598,571.40
Qatar;2015;161,739,955,576.90
Romania;2004;74,972,669,056.60
Romania;2005;98,452,791,982.70
Romania;2006;122,022,997,508.00
Romania;2007;174,585,202,805.20
Romania;2008;214,313,628,965.00
Romania;2009;174,103,695,930.20
Romania;2010;170,029,359,010.70
Romania;2011;192,614,085,153.80
Romania;2012;179,132,893,143.40
Romania;2013;189,790,228,071.80
Romania;2014;199,712,289,502.00
Romania;2015;177,882,417,555.00
Russian Federation;2004;591,016,690,742.80
Russian Federation;2005;764,017,107,992.40
Russian Federation;2006;989,930,542,278.70
Russian Federation;2007;1,299,705,764,823.60
Russian Federation;2008;1,660,846,387,624.80
Russian Federation;2009;1,222,644,282,201.90
Russian Federation;2010;1,524,917,468,442.00
Russian Federation;2011;2,045,925,608,274.40
Russian Federation;2012;2,208,295,773,643.20
Russian Federation;2013;2,292,473,246,621.10
Russian Federation;2014;2,059,241,965,490.80
Russian Federation;2015;1,363,481,063,446.80
Rwanda;2004;2,375,376,873.10
Rwanda;2005;2,932,340,855.30
Rwanda;2006;3,318,107,347.30
Rwanda;2007;4,068,224,991.10
Rwanda;2008;5,177,230,923.30
Rwanda;2009;5,671,592,572.20
Rwanda;2010;6,121,529,488.50
Rwanda;2011;6,881,379,761.80
Rwanda;2012;7,650,671,476.90
Rwanda;2013;7,815,975,293.70
Rwanda;2014;8,234,762,201.00
Rwanda;2015;8,539,424,910.10
Samoa;2004;407,749,562.60
Samoa;2005;476,801,793.20
Samoa;2006;499,923,757.80
Samoa;2007;573,548,459.80
Samoa;2008;641,346,191.70
Samoa;2009;628,006,115.40
Samoa;2010;680,250,453.10
Samoa;2011;744,104,842.10
Samoa;2012;773,157,453.30
Samoa;2013;797,728,653.30
Samoa;2014;796,698,269.20
Samoa;2015;824,160,018.20
San Marino;2004;1,723,750,000.00
San Marino;2005;1,785,847,531.40
San Marino;2006;1,908,167,105.80
San Marino;2007;2,185,874,623.60
San Marino;2008;2,393,437,820.40
San Marino;2009;2,056,126,701.90
San Marino;2010;1,881,214,370.90
San Marino;2011;1,813,752,784.00
San Marino;2012;1,604,779,648.00
San Marino;2013;1,678,841,811.70
San Marino;2014;1,673,973,694.70
San Marino;2015;1,419,394,771.20
Sao Tome and Principe;2004;114,582,561.60
Sao Tome and Principe;2005;136,450,274.70
Sao Tome and Principe;2006;142,775,597.30
Sao Tome and Principe;2007;149,146,423.10
Sao Tome and Principe;2008;188,021,190.60
Sao Tome and Principe;2009;187,820,464.60
Sao Tome and Principe;2010;196,652,514.30
Sao Tome and Principe;2011;231,489,270.10
Sao Tome and Principe;2012;250,680,845.70
Sao Tome and Principe;2013;300,554,483.60
Sao Tome and Principe;2014;346,528,329.20
Sao Tome and Principe;2015;316,066,072.30
Saudi Arabia;2004;258,742,263,040.00
Saudi Arabia;2005;328,459,700,114.80
Saudi Arabia;2006;376,900,135,727.60
Saudi Arabia;2007;415,964,583,055.40
Saudi Arabia;2008;519,796,738,640.00
Saudi Arabia;2009;429,097,899,280.00
Saudi Arabia;2010;528,207,332,649.50
Saudi Arabia;2011;671,238,840,108.20
Saudi Arabia;2012;735,974,843,348.70
Saudi Arabia;2013;746,647,127,407.60
Saudi Arabia;2014;756,350,347,320.40
Saudi Arabia;2015;654,269,739,552.00
Senegal;2004;10,076,817,278.10
Senegal;2005;11,009,032,665.40
Senegal;2006;11,697,918,802.80
Senegal;2007;13,994,218,939.20
Senegal;2008;16,853,991,176.90
Senegal;2009;16,145,868,284.60
Senegal;2010;16,121,314,671.00
Senegal;2011;17,814,284,622.20
Senegal;2012;17,660,871,726.00
Senegal;2013;18,918,668,644.20
Senegal;2014;19,797,254,643.10
Senegal;2015;17,774,766,636.00
Serbia;2004;26,141,968,161.10
Serbia;2005;27,683,225,959.20
Serbia;2006;32,482,070,360.30
Serbia;2007;43,170,990,616.50
Serbia;2008;52,194,221,468.50
Serbia;2009;45,162,894,380.90
Serbia;2010;41,819,468,691.80
Serbia;2011;49,258,136,129.00
Serbia;2012;43,309,252,921.10
Serbia;2013;48,394,239,474.70
Serbia;2014;47,062,206,677.70
Serbia;2015;39,655,958,842.50
Seychelles;2004;839,319,927.30
Seychelles;2005;919,103,254.50
Seychelles;2006;1,016,418,229.30
Seychelles;2007;1,033,561,654.10
Seychelles;2008;967,199,594.00
Seychelles;2009;847,397,850.10
Seychelles;2010;969,936,525.30
Seychelles;2011;1,065,826,669.90
Seychelles;2012;1,059,498,883.50
Seychelles;2013;1,328,091,522.00
Seychelles;2014;1,387,581,391.70
Seychelles;2015;1,416,001,321.90
Sierra Leone;2004;1,448,536,630.90
Sierra Leone;2005;1,650,494,367.00
Sierra Leone;2006;1,885,112,201.90
Sierra Leone;2007;2,158,496,872.90
Sierra Leone;2008;2,505,458,705.00
Sierra Leone;2009;2,453,899,846.90
Sierra Leone;2010;2,578,026,297.20
Sierra Leone;2011;2,942,546,781.00
Sierra Leone;2012;3,801,862,611.40
Sierra Leone;2013;4,920,343,195.00
Sierra Leone;2014;5,015,157,815.70
Sierra Leone;2015;4,218,723,875.10
Singapore;2004;115,035,498,757.50
Singapore;2005;127,807,618,361.00
Singapore;2006;148,630,373,214.20
Singapore;2007;180,941,941,477.00
Singapore;2008;193,611,986,712.80
Singapore;2009;194,152,286,008.90
Singapore;2010;239,809,387,605.40
Singapore;2011;279,351,168,707.30
Singapore;2012;295,087,220,933.00
Singapore;2013;307,576,360,585.00
Singapore;2014;314,851,156,183.40
Singapore;2015;308,004,146,057.60
Sint Maarten (Dutch part);2004;..
Sint Maarten (Dutch part);2005;..
Sint Maarten (Dutch part);2006;..
Sint Maarten (Dutch part);2007;..
Sint Maarten (Dutch part);2008;..
Sint Maarten (Dutch part);2009;..
Sint Maarten (Dutch part);2010;..
Sint Maarten (Dutch part);2011;936,089,385.50
Sint Maarten (Dutch part);2012;985,865,921.80
Sint Maarten (Dutch part);2013;1,022,905,027.90
Sint Maarten (Dutch part);2014;1,245,251,396.60
Sint Maarten (Dutch part);2015;1,253,072,625.70
Slovak Republic;2004;57,437,444,469.10
Slovak Republic;2005;62,808,723,476.70
Slovak Republic;2006;70,767,338,922.40
Slovak Republic;2007;86,563,986,799.30
Slovak Republic;2008;100,879,902,985.00
Slovak Republic;2009;89,399,303,222.20
Slovak Republic;2010;91,162,836,320.40
Slovak Republic;2011;99,922,685,424.90
Slovak Republic;2012;94,623,731,085.60
Slovak Republic;2013;98,935,222,174.90
Slovak Republic;2014;101,437,045,019.90
Slovak Republic;2015;88,900,883,130.80
Slovenia;2004;34,414,784,504.20
Slovenia;2005;36,206,395,970.70
Slovenia;2006;39,481,045,038.30
Slovenia;2007;48,067,401,207.40
Slovenia;2008;55,779,427,739.70
Slovenia;2009;50,567,734,886.00
Slovenia;2010;48,208,240,226.50
Slovenia;2011;51,583,869,785.20
Slovenia;2012;46,577,793,184.00
Slovenia;2013;48,415,657,264.90
Slovenia;2014;49,997,186,439.10
Slovenia;2015;43,107,506,024.30
Solomon Islands;2004;468,008,069.80
Solomon Islands;2005;552,862,587.80
Solomon Islands;2006;617,254,747.40
Solomon Islands;2007;695,295,347.60
Solomon Islands;2008;776,339,395.20
Solomon Islands;2009;805,561,762.90
Solomon Islands;2010;898,133,796.30
Solomon Islands;2011;1,063,889,652.30
Solomon Islands;2012;1,185,215,901.70
Solomon Islands;2013;1,285,917,749.70
Solomon Islands;2014;1,335,579,569.60
Solomon Islands;2015;1,307,908,069.80
Somalia;2004;..
Somalia;2005;..
Somalia;2006;..
Somalia;2007;..
Somalia;2008;..
Somalia;2009;..
Somalia;2010;..
Somalia;2011;..
Somalia;2012;..
Somalia;2013;4,577,000,000.00
Somalia;2014;5,024,999,991.70
Somalia;2015;5,335,000,000.00
South Africa;2004;255,806,631,391.60
South Africa;2005;288,868,489,079.00
South Africa;2006;303,860,874,149.00
South Africa;2007;333,075,462,599.70
South Africa;2008;316,132,138,757.10
South Africa;2009;329,753,048,857.10
South Africa;2010;417,365,076,968.30
South Africa;2011;458,201,514,137.00
South Africa;2012;434,400,545,085.80
South Africa;2013;400,886,013,595.60
South Africa;2014;381,198,869,776.10
South Africa;2015;346,709,790,458.60
South Sudan;2004;..
South Sudan;2005;..
South Sudan;2006;..
South Sudan;2007;..
South Sudan;2008;14,586,253,383.10
South Sudan;2009;12,231,264,525.10
South Sudan;2010;14,602,072,411.00
South Sudan;2011;14,907,308,932.80
South Sudan;2012;11,931,472,169.50
South Sudan;2013;18,426,469,016.90
South Sudan;2014;13,962,212,847.50
South Sudan;2015;11,997,800,760.20
Spain;2004;1,069,055,675,273.80
Spain;2005;1,153,715,822,717.50
Spain;2006;1,260,398,977,831.80
Spain;2007;1,474,002,579,820.00
Spain;2008;1,631,863,493,552.30
Spain;2009;1,491,472,923,706.60
Spain;2010;1,422,108,199,783.30
Spain;2011;1,480,710,495,710.10
Spain;2012;1,324,750,738,725.00
Spain;2013;1,355,579,535,912.60
Spain;2014;1,371,820,537,888.60
Spain;2015;1,196,156,971,279.70
Sri Lanka;2004;20,662,525,941.30
Sri Lanka;2005;24,405,791,044.80
Sri Lanka;2006;28,279,814,924.60
Sri Lanka;2007;32,350,248,410.80
Sri Lanka;2008;40,713,812,309.70
Sri Lanka;2009;42,066,217,871.50
Sri Lanka;2010;58,636,150,709.60
Sri Lanka;2011;67,753,288,946.30
Sri Lanka;2012;70,447,191,495.70
Sri Lanka;2013;77,000,596,661.50
Sri Lanka;2014;82,528,526,229.50
Sri Lanka;2015;85,140,963,536.60
St. Kitts and Nevis;2004;506,900,000.00
St. Kitts and Nevis;2005;547,203,703.70
St. Kitts and Nevis;2006;644,414,814.80
St. Kitts and Nevis;2007;689,285,185.20
St. Kitts and Nevis;2008;777,691,333.30
St. Kitts and Nevis;2009;774,273,111.10
St. Kitts and Nevis;2010;778,718,111.10
St. Kitts and Nevis;2011;836,092,407.40
St. Kitts and Nevis;2012;826,231,629.60
St. Kitts and Nevis;2013;875,376,407.40
St. Kitts and Nevis;2014;953,174,074.10
St. Kitts and Nevis;2015;957,040,740.70
St. Lucia;2004;1,066,666,666.70
St. Lucia;2005;1,135,555,555.60
St. Lucia;2006;1,268,319,185.20
St. Lucia;2007;1,336,088,814.80
St. Lucia;2008;1,437,731,111.10
St. Lucia;2009;1,401,507,888.90
St. Lucia;2010;1,486,758,037.00
St. Lucia;2011;1,576,988,407.40
St. Lucia;2012;1,605,146,777.80
St. Lucia;2013;1,664,816,740.70
St. Lucia;2014;1,749,289,302.70
St. Lucia;2015;1,807,227,215.50
St. Martin (French part);2004;..
St. Martin (French part);2005;..
St. Martin (French part);2006;..
St. Martin (French part);2007;..
St. Martin (French part);2008;..
St. Martin (French part);2009;..
St. Martin (French part);2010;..
St. Martin (French part);2011;775,890,868.60
St. Martin (French part);2012;..
St. Martin (French part);2013;..
St. Martin (French part);2014;772,950,710.80
St. Martin (French part);2015;..
St. Vincent and the Grenadines;2004;549,900,185.20
St. Vincent and the Grenadines;2005;579,948,925.90
St. Vincent and the Grenadines;2006;643,501,148.10
St. Vincent and the Grenadines;2007;713,596,666.70
St. Vincent and the Grenadines;2008;732,663,259.30
St. Vincent and the Grenadines;2009;714,300,259.30
St. Vincent and the Grenadines;2010;720,447,888.90
St. Vincent and the Grenadines;2011;713,796,370.40
St. Vincent and the Grenadines;2012;730,032,592.60
St. Vincent and the Grenadines;2013;764,781,259.30
St. Vincent and the Grenadines;2014;770,901,444.40
St. Vincent and the Grenadines;2015;786,554,592.60
Sudan;2004;26,645,490,675.00
Sudan;2005;35,182,105,414.40
Sudan;2006;45,264,519,502.60
Sudan;2007;59,440,139,774.80
Sudan;2008;64,831,935,604.20
Sudan;2009;58,316,191,440.40
Sudan;2010;74,151,186,600.20
Sudan;2011;78,403,418,360.50
Sudan;2012;63,195,499,524.20
Sudan;2013;66,026,600,235.50
Sudan;2014;76,818,327,441.60
Sudan;2015;84,985,132,167.20
Suriname;2004;1,484,092,538.40
Suriname;2005;1,793,388,732.30
Suriname;2006;2,626,380,435.20
Suriname;2007;2,936,612,021.90
Suriname;2008;3,532,969,034.60
Suriname;2009;3,875,409,836.10
Suriname;2010;4,368,398,047.60
Suriname;2011;4,422,276,621.80
Suriname;2012;4,980,000,000.00
Suriname;2013;5,145,757,575.80
Suriname;2014;5,240,606,060.60
Suriname;2015;5,126,188,134.70
Eswatini;2004;2,770,082,791.50
Eswatini;2005;3,178,126,491.90
Eswatini;2006;3,291,353,835.90
Eswatini;2007;3,469,363,996.40
Eswatini;2008;3,294,093,485.20
Eswatini;2009;3,580,417,066.90
Eswatini;2010;4,438,778,424.30
Eswatini;2011;4,820,499,924.30
Eswatini;2012;4,886,533,032.90
Eswatini;2013;4,597,532,029.70
Eswatini;2014;4,422,968,339.70
Eswatini;2015;4,063,245,671.30
Sweden;2004;385,118,044,877.50
Sweden;2005;392,218,088,878.80
Sweden;2006;423,093,437,423.80
Sweden;2007;491,252,589,217.00
Sweden;2008;517,706,149,201.20
Sweden;2009;436,537,014,293.60
Sweden;2010;495,812,558,843.30
Sweden;2011;574,094,112,972.70
Sweden;2012;552,483,727,282.80
Sweden;2013;586,841,821,796.90
Sweden;2014;581,964,017,237.10
Sweden;2015;505,103,781,349.80
Switzerland;2004;403,912,891,033.40
Switzerland;2005;418,284,865,885.00
Switzerland;2006;441,634,672,196.50
Switzerland;2007;490,740,715,594.80
Switzerland;2008;567,267,767,519.20
Switzerland;2009;554,212,916,092.30
Switzerland;2010;598,851,028,906.60
Switzerland;2011;715,888,126,682.40
Switzerland;2012;686,420,221,558.00
Switzerland;2013;706,234,937,371.00
Switzerland;2014;726,537,808,338.00
Switzerland;2015;694,118,186,379.60
Syrian Arab Republic;2004;112,863,340,757.20
Syrian Arab Republic;2005;134,203,830,735.00
Syrian Arab Republic;2006;153,799,910,913.10
Syrian Arab Republic;2007;180,030,111,358.60
Syrian Arab Republic;2008;218,089,977,728.30
Syrian Arab Republic;2009;224,561,692,650.30
Syrian Arab Republic;2010;252,518,218,262.80
Syrian Arab Republic;2011;67,539,427,671.00
Syrian Arab Republic;2012;43,190,317,724.70
Syrian Arab Republic;2013;21,361,254,648.00
Syrian Arab Republic;2014;21,502,061,462.20
Syrian Arab Republic;2015;16,468,399,180.40
Tajikistan;2004;2,076,182,460.90
Tajikistan;2005;2,312,327,536.40
Tajikistan;2006;2,830,220,713.10
Tajikistan;2007;3,719,506,172.80
Tajikistan;2008;5,161,337,336.40
Tajikistan;2009;4,979,481,980.40
Tajikistan;2010;5,642,178,579.60
Tajikistan;2011;6,522,732,202.50
Tajikistan;2012;7,633,049,792.10
Tajikistan;2013;8,448,469,837.50
Tajikistan;2014;9,112,544,556.10
Tajikistan;2015;8,271,454,300.60
Tanzania;2004;16,675,948,414.80
Tanzania;2005;18,399,046,025.30
Tanzania;2006;18,649,590,248.30
Tanzania;2007;21,843,529,024.90
Tanzania;2008;27,961,527,622.70
Tanzania;2009;29,081,826,158.70
Tanzania;2010;32,014,247,547.50
Tanzania;2011;34,657,141,720.70
Tanzania;2012;39,650,522,646.00
Tanzania;2013;45,680,532,613.80
Tanzania;2014;49,964,825,081.10
Tanzania;2015;47,378,603,783.60
Thailand;2004;172,895,749,632.00
Thailand;2005;189,318,549,680.40
Thailand;2006;221,758,196,504.90
Thailand;2007;262,942,476,722.40
Thailand;2008;291,382,991,177.70
Thailand;2009;281,710,416,557.30
Thailand;2010;341,104,820,155.50
Thailand;2011;370,819,140,946.60
Thailand;2012;397,558,222,957.20
Thailand;2013;420,333,203,150.40
Thailand;2014;407,339,454,060.70
Thailand;2015;401,296,437,425.00
Timor-Leste;2004;440,764,572.10
Timor-Leste;2005;462,283,556.70
Timor-Leste;2006;453,805,097.30
Timor-Leste;2007;542,795,446.50
Timor-Leste;2008;648,492,745.90
Timor-Leste;2009;726,882,390.20
Timor-Leste;2010;881,827,794.90
Timor-Leste;2011;1,042,411,479.50
Timor-Leste;2012;1,160,389,550.90
Timor-Leste;2013;1,395,519,568.10
Timor-Leste;2014;1,447,310,448.60
Timor-Leste;2015;1,594,447,630.80
Togo;2004;2,259,992,642.30
Togo;2005;2,281,482,855.50
Togo;2006;2,351,584,608.40
Togo;2007;2,662,612,348.40
Togo;2008;3,323,677,130.00
Togo;2009;3,379,258,565.00
Togo;2010;3,429,461,495.40
Togo;2011;3,872,459,249.70
Togo;2012;3,873,308,389.30
Togo;2013;4,321,655,656.30
Togo;2014;4,574,986,536.90
Togo;2015;4,180,866,177.00
Tonga;2004;230,657,965.50
Tonga;2005;261,797,606.10
Tonga;2006;292,232,117.10
Tonga;2007;298,513,956.20
Tonga;2008;344,428,609.00
Tonga;2009;312,377,379.30
Tonga;2010;366,840,012.40
Tonga;2011;414,523,388.50
Tonga;2012;470,714,083.40
Tonga;2013;450,643,615.20
Tonga;2014;439,878,828.00
Tonga;2015;437,006,227.20
Trinidad and Tobago;2004;13,280,275,123.00
Trinidad and Tobago;2005;15,982,282,462.40
Trinidad and Tobago;2006;18,369,361,094.40
Trinidad and Tobago;2007;21,641,620,049.90
Trinidad and Tobago;2008;27,871,587,349.50
Trinidad and Tobago;2009;19,172,165,225.50
Trinidad and Tobago;2010;22,157,948,396.20
Trinidad and Tobago;2011;25,433,011,405.30
Trinidad and Tobago;2012;27,121,712,423.40
Trinidad and Tobago;2013;28,557,451,143.40
Trinidad and Tobago;2014;29,489,012,807.10
Trinidad and Tobago;2015;26,851,970,253.80
Tunisia;2004;31,183,059,012.40
Tunisia;2005;32,273,007,553.60
Tunisia;2006;34,377,310,293.00
Tunisia;2007;38,914,078,351.80
Tunisia;2008;44,860,969,077.20
Tunisia;2009;43,454,935,940.20
Tunisia;2010;46,206,091,938.00
Tunisia;2011;48,122,744,708.10
Tunisia;2012;47,311,159,485.20
Tunisia;2013;48,684,187,850.10
Tunisia;2014;50,271,072,627.70
Tunisia;2015;45,780,077,487.80
Turkiye;2004;408,876,042,651.70
Turkiye;2005;506,308,311,476.60
Turkiye;2006;557,057,829,051.50
Turkiye;2007;681,337,335,021.90
Turkiye;2008;770,462,156,204.40
Turkiye;2009;649,272,568,774.20
Turkiye;2010;776,992,599,946.80
Turkiye;2011;838,762,755,164.20
Turkiye;2012;880,556,375,779.50
Turkiye;2013;957,783,020,853.00
Turkiye;2014;938,952,628,604.10
Turkiye;2015;864,316,670,330.90
Turkmenistan;2004;6,838,351,088.50
Turkmenistan;2005;8,103,901,996.40
Turkmenistan;2006;10,276,674,364.90
Turkmenistan;2007;12,664,165,103.20
Turkmenistan;2008;19,271,523,178.80
Turkmenistan;2009;20,214,385,964.90
Turkmenistan;2010;22,583,157,894.70
Turkmenistan;2011;29,233,333,333.30
Turkmenistan;2012;35,164,210,526.30
Turkmenistan;2013;39,197,543,859.60
Turkmenistan;2014;43,524,210,526.30
Turkmenistan;2015;35,799,714,285.70
Turks and Caicos Islands;2004;485,598,800.00
Turks and Caicos Islands;2005;578,645,800.00
Turks and Caicos Islands;2006;721,891,500.00
Turks and Caicos Islands;2007;773,489,700.00
Turks and Caicos Islands;2008;862,683,600.00
Turks and Caicos Islands;2009;703,175,800.00
Turks and Caicos Islands;2010;686,787,800.00
Turks and Caicos Islands;2011;728,789,600.00
Turks and Caicos Islands;2012;727,161,000.00
Turks and Caicos Islands;2013;754,238,000.00
Turks and Caicos Islands;2014;841,070,000.00
Turks and Caicos Islands;2015;942,070,000.00
Tuvalu;2004;22,797,470.20
Tuvalu;2005;22,909,507.40
Tuvalu;2006;24,096,385.50
Tuvalu;2007;28,449,502.10
Tuvalu;2008;31,873,846.70
Tuvalu;2009;28,076,743.10
Tuvalu;2010;32,104,201.10
Tuvalu;2011;39,195,461.60
Tuvalu;2012;39,345,620.20
Tuvalu;2013;38,617,493.70
Tuvalu;2014;38,759,689.90
Tuvalu;2015;36,811,659.50
Uganda;2004;7,939,487,473.90
Uganda;2005;9,239,221,858.60
Uganda;2006;9,977,647,644.70
Uganda;2007;11,902,564,401.30
Uganda;2008;14,440,404,021.50
Uganda;2009;25,127,805,566.50
Uganda;2010;26,673,441,667.30
Uganda;2011;27,871,725,205.60
Uganda;2012;27,305,915,761.30
Uganda;2013;28,915,786,996.60
Uganda;2014;32,612,397,758.50
Uganda;2015;32,387,183,844.70
Ukraine;2004;67,220,154,164.30
Ukraine;2005;89,239,370,109.50
Ukraine;2006;111,884,752,475.20
Ukraine;2007;148,733,861,386.10
Ukraine;2008;188,111,140,644.00
Ukraine;2009;121,552,777,492.60
Ukraine;2010;141,209,864,408.50
Ukraine;2011;169,333,048,847.80
Ukraine;2012;182,592,416,468.50
Ukraine;2013;190,498,811,460.00
Ukraine;2014;133,503,411,375.70
Ukraine;2015;91,030,959,454.70
United Arab Emirates;2004;147,824,370,319.90
United Arab Emirates;2005;180,617,467,964.60
United Arab Emirates;2006;222,116,541,865.20
United Arab Emirates;2007;257,916,133,424.10
United Arab Emirates;2008;315,474,615,738.60
United Arab Emirates;2009;253,547,358,747.40
United Arab Emirates;2010;289,787,452,661.70
United Arab Emirates;2011;350,666,058,379.90
United Arab Emirates;2012;384,610,125,384.00
United Arab Emirates;2013;400,218,529,747.60
United Arab Emirates;2014;414,105,366,758.90
United Arab Emirates;2015;370,275,469,560.20
United Kingdom;2004;2,422,958,623,214.90
United Kingdom;2005;2,544,805,454,545.50
United Kingdom;2006;2,709,911,683,532.70
United Kingdom;2007;3,092,821,128,451.40
United Kingdom;2008;2,931,501,838,235.30
United Kingdom;2009;2,417,638,261,411.40
United Kingdom;2010;2,491,397,494,468.00
United Kingdom;2011;2,666,403,005,061.40
United Kingdom;2012;2,706,340,967,030.70
United Kingdom;2013;2,786,315,215,250.00
United Kingdom;2014;3,065,223,279,583.80
United Kingdom;2015;2,934,857,946,213.50
United States;2004;12,217,193,198,000.00
United States;2005;13,039,199,193,000.00
United States;2006;13,815,586,948,000.00
United States;2007;14,474,226,905,000.00
United States;2008;14,769,857,911,000.00
United States;2009;14,478,064,934,000.00
United States;2010;15,048,964,444,000.00
United States;2011;15,599,728,123,000.00
United States;2012;16,253,972,230,000.00
United States;2013;16,843,190,993,000.00
United States;2014;17,550,680,174,000.00
United States;2015;18,206,020,741,000.00
Uruguay;2004;13,686,329,890.10
Uruguay;2005;17,362,857,683.90
Uruguay;2006;19,579,457,966.10
Uruguay;2007;23,410,572,634.30
Uruguay;2008;30,366,213,119.30
Uruguay;2009;31,660,911,277.00
Uruguay;2010;40,284,481,651.90
Uruguay;2011;47,962,439,303.70
Uruguay;2012;51,264,390,116.50
Uruguay;2013;57,531,233,350.90
Uruguay;2014;57,236,013,086.10
Uruguay;2015;53,274,304,222.10
Uzbekistan;2004;12,030,023,547.90
Uzbekistan;2005;14,307,509,838.80
Uzbekistan;2006;17,330,833,852.90
Uzbekistan;2007;22,311,393,927.90
Uzbekistan;2008;29,549,438,883.80
Uzbekistan;2009;33,689,223,673.30
Uzbekistan;2010;49,765,676,402.40
Uzbekistan;2011;60,178,909,297.20
Uzbekistan;2012;67,517,349,212.10
Uzbekistan;2013;73,180,036,692.30
Uzbekistan;2014;80,845,384,375.10
Uzbekistan;2015;86,196,265,191.70
Vanuatu;2004;364,996,869.10
Vanuatu;2005;394,962,552.30
Vanuatu;2006;439,358,717.60
Vanuatu;2007;516,392,922.50
Vanuatu;2008;590,748,237.00
Vanuatu;2009;592,622,502.40
Vanuatu;2010;670,713,208.10
Vanuatu;2011;770,153,304.20
Vanuatu;2012;747,839,697.70
Vanuatu;2013;758,304,466.20
Vanuatu;2014;772,315,721.30
Vanuatu;2015;730,870,581.70
Venezuela, RB;2004;112,453,382,329.60
Venezuela, RB;2005;145,510,008,134.80
Venezuela, RB;2006;183,477,522,123.90
Venezuela, RB;2007;230,364,012,575.70
Venezuela, RB;2008;315,953,388,510.70
Venezuela, RB;2009;329,787,628,928.50
Venezuela, RB;2010;393,192,354,510.70
Venezuela, RB;2011;316,482,190,800.40
Venezuela, RB;2012;381,286,237,847.70
Venezuela, RB;2013;371,005,379,786.60
Venezuela, RB;2014;482,359,318,767.70
Venezuela, RB;2015;..
Vietnam;2004;45,427,854,693.30
Vietnam;2005;57,633,255,618.30
Vietnam;2006;66,371,664,817.00
Vietnam;2007;77,414,425,532.20
Vietnam;2008;99,130,304,099.10
Vietnam;2009;106,014,659,770.20
Vietnam;2010;147,201,163,802.60
Vietnam;2011;172,595,034,069.20
Vietnam;2012;195,590,647,205.70
Vietnam;2013;213,708,830,436.60
Vietnam;2014;233,451,484,774.00
Vietnam;2015;239,258,340,825.50
Virgin Islands (U.S.);2004;3,797,000,000.00
Virgin Islands (U.S.);2005;4,428,000,000.00
Virgin Islands (U.S.);2006;4,484,000,000.00
Virgin Islands (U.S.);2007;4,784,000,000.00
Virgin Islands (U.S.);2008;4,244,000,000.00
Virgin Islands (U.S.);2009;4,201,000,000.00
Virgin Islands (U.S.);2010;4,324,000,000.00
Virgin Islands (U.S.);2011;4,223,000,000.00
Virgin Islands (U.S.);2012;4,089,000,000.00
Virgin Islands (U.S.);2013;3,738,000,000.00
Virgin Islands (U.S.);2014;3,565,000,000.00
Virgin Islands (U.S.);2015;3,663,000,000.00
West Bank and Gaza;2004;4,603,100,000.00
West Bank and Gaza;2005;5,125,700,000.00
West Bank and Gaza;2006;5,348,300,000.00
West Bank and Gaza;2007;5,815,700,000.00
West Bank and Gaza;2008;7,310,400,000.00
West Bank and Gaza;2009;8,085,700,000.00
West Bank and Gaza;2010;9,681,500,000.00
West Bank and Gaza;2011;11,186,100,000.00
West Bank and Gaza;2012;12,208,400,000.00
West Bank and Gaza;2013;13,515,500,000.00
West Bank and Gaza;2014;13,989,700,000.00
West Bank and Gaza;2015;13,972,400,000.00
Yemen, Rep.;2004;13,872,791,658.50
Yemen, Rep.;2005;16,746,344,766.20
Yemen, Rep.;2006;19,061,978,586.10
Yemen, Rep.;2007;21,650,532,264.20
Yemen, Rep.;2008;26,910,851,361.80
Yemen, Rep.;2009;25,130,274,124.30
Yemen, Rep.;2010;30,906,749,533.20
Yemen, Rep.;2011;32,726,417,878.40
Yemen, Rep.;2012;35,401,323,349.90
Yemen, Rep.;2013;40,415,233,436.20
Yemen, Rep.;2014;43,228,585,321.30
Yemen, Rep.;2015;42,444,495,590.10
Zambia;2004;6,221,077,674.80
Zambia;2005;8,331,870,169.10
Zambia;2006;12,756,858,899.30
Zambia;2007;14,056,957,976.30
Zambia;2008;17,910,858,637.90
Zambia;2009;15,328,342,304.00
Zambia;2010;20,265,559,483.90
Zambia;2011;23,459,515,275.60
Zambia;2012;25,503,060,420.00
Zambia;2013;28,037,239,462.70
Zambia;2014;27,141,023,558.10
Zambia;2015;21,251,216,798.80
Zimbabwe;2004;5,805,598,400.00
Zimbabwe;2005;5,755,215,200.00
Zimbabwe;2006;5,443,896,500.00
Zimbabwe;2007;5,291,950,100.00
Zimbabwe;2008;4,415,702,800.00
Zimbabwe;2009;9,665,793,264.00
Zimbabwe;2010;12,041,655,180.00
Zimbabwe;2011;14,101,920,310.00
Zimbabwe;2012;17,114,849,880.00
Zimbabwe;2013;19,091,019,990.00
Zimbabwe;2014;19,495,519,630.00
Zimbabwe;2015;19,963,120,610.00
;2004;
;2005;
;2006;
;2007;
;2008;
;2009;
;2010;
;2011;
;2012;
;2013;
;2014;
;2015;
;2004;
;2005;
;2006;
;2007;
;2008;
;2009;
;2010;
;2011;
;2012;
;2013;
;2014;
;2015;
;2004;
;2005;
;2006;
;2007;
;2008;
;2009;
;2010;
;2011;
;2012;
;2013;
;2014;
;2015;
;2004;
;2005;
;2006;
;2007;
;2008;
;2009;
;2010;
;2011;
;2012;
;2013;
;2014;
;2015;
;2004;
;2005;
;2006;
;2007;
;2008;
;2009;
;2010;
;2011;
;2012;
;2013;
;2014;
;2015;
;2004;
;2005;
;2006;
;2007;
;2008;
;2009;
;2010;
;2011;
;2012;
;2013;
;2014;
;2015;
;2004;
;2005;
;2006;
;2007;
;2008;
;2009;
;2010;
;2011;
;2012;
;2013;
;2014;
;2015;
;2004;
;2005;
;2006;
;2007;
;2008;
;2009;
;2010;
;2011;
;2012;
;2013;
;2014;
;2015;
;2004;
;2005;
;2006;
;2007;
;2008;
;2009;
;2010;
;2011;
;2012;
;2013;
;2014;
;2015;
;2004;
;2005;
;2006;
;2007;
;2008;
;2009;
;2010;
;2011;
;2012;
;2013;
;2014;
;2015;
;2004;
;2005;
;2006;
;2007;
;2008;
;2009;
;2010;
;2011;
;2012;
;2013;
;2014;
;2015;
;2004;
;2005;
;2006;
;2007;
;2008;
;2009;
;2010;
;2011;
;2012;
;2013;
;2014;
;2015;
;2004;
;2005;
;2006;
;2007;
;2008;
;2009;
;2010;
;2011;
;2012;
;2013;
;2014;
;2015;
;2004;
;2005;
;2006;
;2007;
;2008;
;2009;
;2010;
;2011;
;2012;
;2013;
;2014;
;2015;
;2004;
;2005;
;2006;
;2007;
;2008;
;2009;
;2010;
;2011;
;2012;
;2013;
;2014;
;2015;
;2004;
;2005;
;2006;
;2007;
;2008;
;2009;
;2010;
;2011;
;2012;
;2013;
;2014;
;2015;
;2004;
;2005;
;2006;
;2007;
;2008;
;2009;
;2010;
;2011;
;2012;
;2013;
;2014;
;2015;
;2004;
;2005;
;2006;
;2007;
;2008;
;2009;
;2010;
;2011;
;2012;
;2013;
;2014;
;2015;
;2004;
;2005;
;2006;
;2007;
;2008;
;2009;
;2010;
;2011;
;2012;
;2013;
;2014;
;2015;
;2004;
;2005;
;2006;
;2007;
;2008;
;2009;
;2010;
;2011;
;2012;
;2013;
;2014;
;2015;
;2004;
;2005;
;2006;
;2007;
;2008;
;2009;
;2010;
;2011;
;2012;
;2013;
;2014;
;2015;
;2004;
;2005;
;2006;
;2007;
;2008;
;2009;
;2010;
;2011;
;2012;
;2013;
;2014;
;2015;
;2004;
;2005;
;2006;
;2007;
;2008;
;2009;
;2010;
;2011;
;2012;
;2013;
;2014;
;2015;
;2004;
;2005;
;2006;
;2007;
;2008;
;2009;
;2010;
;2011;
;2012;
;2013;
;2014;
;2015;
;2004;
;2005;
;2006;
;2007;
;2008;
;2009;
;2010;
;2011;
;2012;
;2013;
;2014;
;2015;
;2004;
;2005;
;2006;
;2007;
;2008;
;2009;
;2010;
;2011;
;2012;
;2013;
;2014;
;2015;
;2004;
;2005;
;2006;
;2007;
;2008;
;2009;
;2010;
;2011;
;2012;
;2013;
;2014;
;2015;
;2004;
;2005;
;2006;
;2007;
;2008;
;2009;
;2010;
;2011;
;2012;
;2013;
;2014;
;2015;
;2004;
;2005;
;2006;
;2007;
;2008;
;2009;
;2010;
;2011;
;2012;
;2013;
;2014;
;2015;
;2004;
;2005;
;2006;
;2007;
;2008;
;2009;
;2010;
;2011;
;2012;
;2013;
;2014;
;2015;
;2004;
;2005;
;2006;
;2007;
;2008;
;2009;
;2010;
;2011;
;2012;
;2013;
;2014;
;2015;
;2004;
;2005;
;2006;
;2007;
;2008;
;2009;
;2010;
;2011;
;2012;
;2013;
;2014;
;2015;
;2004;
;2005;
;2006;
;2007;
;2008;
;2009;
;2010;
;2011;
;2012;
;2013;
;2014;
;2015;
;2004;
;2005;
;2006;
;2007;
;2008;
;2009;
;2010;
;2011;
;2012;
;2013;
;2014;
;2015;
;2004;
;2005;
;2006;
;2007;
;2008;
;2009;
;2010;
;2011;
;2012;
;2013;
;2014;
;2015;
;2004;
;2005;
;2006;
;2007;
;2008;
;2009;
;2010;
;2011;
;2012;
;2013;
;2014;
;2015;
;2004;
;2005;
;2006;
;2007;
;2008;
;2009;
;2010;
;2011;
;2012;
;2013;
;2014;
;2015;
;2004;
;2005;
;2006;
;2007;
;2008;
;2009;
;2010;
;2011;
;2012;
;2013;
;2014;
;2015;
;2004;
;2005;
;2006;
;2007;
;2008;
;2009;
;2010;
;2011;
;2012;
;2013;
;2014;
;2015;
;2004;
;2005;
;2006;
;2007;
;2008;
;2009;
;2010;
;2011;
;2012;
;2013;
;2014;
;2015;
;2004;
;2005;
;2006;
;2007;
;2008;
;2009;
;2010;
;2011;
;2012;
;2013;
;2014;
;2015;
;2004;
;2005;
;2006;
;2007;
;2008;
;2009;
;2010;
;2011;
;2012;
;2013;
;2014;
;2015;
;2004;
;2005;
;2006;
;2007;
;2008;
;2009;
;2010;
;2011;
;2012;
;2013;
;2014;
;2015;
;2004;
;2005;
;2006;
;2007;
;2008;
;2009;
;2010;
;2011;
;2012;
;2013;
;2014;
;2015;
;2004;
;2005;
;2006;
;2007;
;2008;
;2009;
;2010;
;2011;
;2012;
;2013;
;2014;
;2015;
;2004;
;2005;
;2006;
;2007;
;2008;
;2009;
;2010;
;2011;
;2012;
;2013;
;2014;
;2015;
;2004;
;2005;
;2006;
;2007;
;2008;
;2009;
;2010;
;2011;
;2012;
;2013;
;2014;
;2015;
;2004;
;2005;
;2006;
;2007;
;2008;
;2009;
;2010;
;2011;
;2012;
;2013;
;2014;
;2015;
;2004;
;2005;
;2006;
;2007;
;2008;
;2009;
;2010;
;2011;
;2012;
;2013;
;2014;
;2015;
;2004;
;2005;
;2006;
;2007;
;2008;
;2009;
;2010;
;2011;
;2012;
;2013;
;2014;
;2015;
;2004;
;2005;
;2006;
;2007;
;2008;
;2009;
;2010;
;2011;
;2012;
;2013;
;2014;
;2015;
;2004;
;2005;
;2006;
;2007;
;2008;
;2009;
;2010;
;2011;
;2012;
;2013;
;2014;
;2015;
;2004;
;2005;
;2006;
;2007;
;2008;
;2009;
;2010;
;2011;
;2012;
;2013;
;2014;
;2015;
;2004;
;2005;
;2006;
;2007;
;2008;
;2009;
;2010;
;2011;
;2012;
;2013;
;2014;
;2015;
;2004;
;2005;
;2006;
;2007;
;2008;
;2009;
;2010;
;2011;
;2012;
;2013;
;2014;
;2015;
;2004;
;2005;
;2006;
;2007;
;2008;
;2009;
;2010;
;2011;
;2012;
;2013;
;2014;
;2015;
;2004;
;2005;
;2006;
;2007;
;2008;
;2009;
;2010;
;2011;
;2012;
;2013;
;2014;
;2015;
;2004;
;2005;
;2006;
;2007;
;2008;
;2009;
;2010;
;2011;
;2012;
;2013;
;2014;
;2015;
;2004;
;2005;
;2006;
;2007;
;2008;
;2009;
;2010;
;2011;
;2012;
;2013;
;2014;
;2015;
;2004;
;2005;
;2006;
;2007;
;2008;
;2009;
;2010;
;2011;
;2012;
;2013;
;2014;
;2015;
;2004;
;2005;
;2006;
;2007;
;2008;
;2009;
;2010;
;2011;
;2012;
;2013;
;2014;
;2015;
;2004;
;2005;
;2006;
;2007;
;2008;
;2009;
;2010;
;2011;
;2012;
;2013;
;2014;
;2015;
;2004;
;2005;
;2006;
;2007;
;2008;
;2009;
;2010;
;2011;
;2012;
;2013;
;2014;
;2015;
;2004;
;2005;
;2006;
;2007;
;2008;
;2009;
;2010;
;2011;
;2012;
;2013;
;2014;
;2015;
;2004;
;2005;
;2006;
;2007;
;2008;
;2009;
;2010;
;2011;
;2012;
;2013;
;2014;
;2015;
;2004;
;2005;
;2006;
;2007;
;2008;
;2009;
;2010;
;2011;
;2012;
;2013;
;2014;
;2015;
;2004;
;2005;
;2006;
;2007;
;2008;
;2009;
;2010;
;2011;
;2012;
;2013;
;2014;
;2015;
;2004;
;2005;
;2006;
;2007;
;2008;
;2009;
;2010;
;2011;
;2012;
;2013;
;2014;
;2015;
;2004;
;2005;
;2006;
;2007;
;2008;
;2009;
;2010;
;2011;
;2012;
;2013;
;2014;
;2015;
;2004;
;2005;
;2006;
;2007;
;2008;
;2009;
;2010;
;2011;
;2012;
;2013;
;2014;
;2015;
;2004;
;2005;
;2006;
;2007;
;2008;
;2009;
;2010;
;2011;
;2012;
;2013;
;2014;
;2015;
;2004;
;2005;
;2006;
;2007;
;2008;
;2009;
;2010;
;2011;
;2012;
;2013;
;2014;
;2015;
;2004;
;2005;
;2006;
;2007;
;2008;
;2009;
;2010;
;2011;
;2012;
;2013;
;2014;
;2015;
;2004;
;2005;
;2006;
;2007;
;2008;
;2009;
;2010;
;2011;
;2012;
;2013;
;2014;
;2015;
;2004;
;2005;
;2006;
;2007;
;2008;
;2009;
;2010;
;2011;
;2012;
;2013;
;2014;
;2015;
;2004;
;2005;
;2006;
;2007;
;2008;
;2009;
;2010;
;2011;
;2012;
;2013;
;2014;
;2015;
;2004;
;2005;
;2006;
;2007;
;2008;
;2009;
;2010;
;2011;
;2012;
;2013;
;2014;
;2015;
;2004;
;2005;
;2006;
;2007;
;2008;
;2009;
;2010;
;2011;
;2012;
;2013;
;2014;
;2015;
